[{"model": "master_manager.country", "pk": 1, "fields": {"id": 1, "name": "ALGERIA", "iso_4217_alpha": "DZD", "iso_4217_numeric": 8, "iso2": "DZ", "iso3": "DZA", "capital_city": "Algiers", "telephone_calling_code": 213, "internet_domain_code": ".dz", "continent_id": 1, "created_on": "2000-01-01 00:00:00", "updated_on": "2000-01-01 00:00:00", "datamode": "I"}}, {"model": "master_manager.country", "pk": 2, "fields": {"id": 2, "name": "ANGOLA", "iso_4217_alpha": "AOA", "iso_4217_numeric": 973, "iso2": "AO", "iso3": "AGO", "capital_city": "Luanda", "telephone_calling_code": 244, "internet_domain_code": ".ao", "continent_id": 1, "created_on": "2000-01-01 00:00:00", "updated_on": "2000-01-01 00:00:00", "datamode": "I"}}, {"model": "master_manager.country", "pk": 3, "fields": {"id": 3, "name": "BENIN", "iso_4217_alpha": "XOF", "iso_4217_numeric": 952, "iso2": "BJ", "iso3": "BEN", "capital_city": "Porto-Novo", "telephone_calling_code": 229, "internet_domain_code": ".bj", "continent_id": 1, "created_on": "2000-01-01 00:00:00", "updated_on": "2000-01-01 00:00:00", "datamode": "I"}}, {"model": "master_manager.country", "pk": 4, "fields": {"id": 4, "name": "BOTSWANA", "iso_4217_alpha": "BWP", "iso_4217_numeric": 72, "iso2": "BW", "iso3": "BWA", "capital_city": "Gaborone", "telephone_calling_code": 267, "internet_domain_code": ".bw", "continent_id": 1, "created_on": "2000-01-01 00:00:00", "updated_on": "2000-01-01 00:00:00", "datamode": "I"}}, {"model": "master_manager.country", "pk": 5, "fields": {"id": 5, "name": "BURKINA FASO", "iso_4217_alpha": "XOF", "iso_4217_numeric": 952, "iso2": "BF", "iso3": "BFA", "capital_city": "Ouagadougou", "telephone_calling_code": 226, "internet_domain_code": ".bf", "continent_id": 1, "created_on": "2000-01-01 00:00:00", "updated_on": "2000-01-01 00:00:00", "datamode": "I"}}, {"model": "master_manager.country", "pk": 6, "fields": {"id": 6, "name": "BURUNDI", "iso_4217_alpha": "BIF", "iso_4217_numeric": 108, "iso2": "BI", "iso3": "BDI", "capital_city": "Bujumbura", "telephone_calling_code": 257, "internet_domain_code": ".bi", "continent_id": 1, "created_on": "2000-01-01 00:00:00", "updated_on": "2000-01-01 00:00:00", "datamode": "I"}}, {"model": "master_manager.country", "pk": 7, "fields": {"id": 7, "name": "CABO VERDE", "iso_4217_alpha": "CVE", "iso_4217_numeric": 132, "iso2": "CV", "iso3": "CPV", "capital_city": "Praia", "telephone_calling_code": 238, "internet_domain_code": ".cv", "continent_id": 1, "created_on": "2000-01-01 00:00:00", "updated_on": "2000-01-01 00:00:00", "datamode": "I"}}, {"model": "master_manager.country", "pk": 8, "fields": {"id": 8, "name": "CAMEROON", "iso_4217_alpha": "XAF", "iso_4217_numeric": 950, "iso2": "CM", "iso3": "CMR", "capital_city": "Yaounde", "telephone_calling_code": 237, "internet_domain_code": ".cm", "continent_id": 1, "created_on": "2000-01-01 00:00:00", "updated_on": "2000-01-01 00:00:00", "datamode": "I"}}, {"model": "master_manager.country", "pk": 9, "fields": {"id": 9, "name": "CENTRAL AFRICAN REPUBLIC", "iso_4217_alpha": "XAF", "iso_4217_numeric": 950, "iso2": "CF", "iso3": "CAF", "capital_city": "Bangui", "telephone_calling_code": 236, "internet_domain_code": ".cf", "continent_id": 1, "created_on": "2000-01-01 00:00:00", "updated_on": "2000-01-01 00:00:00", "datamode": "I"}}, {"model": "master_manager.country", "pk": 10, "fields": {"id": 10, "name": "CHAD", "iso_4217_alpha": "XAF", "iso_4217_numeric": 950, "iso2": "TD", "iso3": "TCD", "capital_city": "N'Djamena", "telephone_calling_code": 235, "internet_domain_code": ".td", "continent_id": 1, "created_on": "2000-01-01 00:00:00", "updated_on": "2000-01-01 00:00:00", "datamode": "I"}}, {"model": "master_manager.country", "pk": 11, "fields": {"id": 11, "name": "COMOROS", "iso_4217_alpha": "KMF", "iso_4217_numeric": 174, "iso2": "KM", "iso3": "COM", "capital_city": "Moroni", "telephone_calling_code": 269, "internet_domain_code": ".km", "continent_id": 1, "created_on": "2000-01-01 00:00:00", "updated_on": "2000-01-01 00:00:00", "datamode": "I"}}, {"model": "master_manager.country", "pk": 12, "fields": {"id": 12, "name": "COTE D'IVOIRE", "iso_4217_alpha": "XOF", "iso_4217_numeric": 952, "iso2": "CI", "iso3": "CIV", "capital_city": "Yamoussoukro", "telephone_calling_code": 225, "internet_domain_code": ".ci", "continent_id": 1, "created_on": "2000-01-01 00:00:00", "updated_on": "2000-01-01 00:00:00", "datamode": "I"}}, {"model": "master_manager.country", "pk": 13, "fields": {"id": 13, "name": "DENMARK", "iso_4217_alpha": "DKK", "iso_4217_numeric": 208, "iso2": "DK", "iso3": "DNK", "capital_city": "Kinshasa", "telephone_calling_code": 243, "internet_domain_code": ".cd", "continent_id": 1, "created_on": "2000-01-01 00:00:00", "updated_on": "2000-01-01 00:00:00", "datamode": "I"}}, {"model": "master_manager.country", "pk": 14, "fields": {"id": 14, "name": "DOMINICA", "iso_4217_alpha": "XCD", "iso_4217_numeric": 951, "iso2": "DM", "iso3": "DMA", "capital_city": "Roseau", "telephone_calling_code": 253, "internet_domain_code": ".dj", "continent_id": 5, "created_on": "2000-01-01 00:00:00", "updated_on": "2000-01-01 00:00:00", "datamode": "I"}}, {"model": "master_manager.country", "pk": 15, "fields": {"id": 15, "name": "EQUATORIAL GUINEA", "iso_4217_alpha": "XAF", "iso_4217_numeric": 950, "iso2": "GQ", "iso3": "GNQ", "capital_city": "Malabo", "telephone_calling_code": 240, "internet_domain_code": ".gq", "continent_id": 1, "created_on": "2000-01-01 00:00:00", "updated_on": "2000-01-01 00:00:00", "datamode": "I"}}, {"model": "master_manager.country", "pk": 16, "fields": {"id": 16, "name": "ERITREA", "iso_4217_alpha": "ERN", "iso_4217_numeric": 232, "iso2": "ER", "iso3": "ERI", "capital_city": "Asmara", "telephone_calling_code": 291, "internet_domain_code": ".er", "continent_id": 1, "created_on": "2000-01-01 00:00:00", "updated_on": "2000-01-01 00:00:00", "datamode": "I"}}, {"model": "master_manager.country", "pk": 17, "fields": {"id": 17, "name": "ETHIOPIA", "iso_4217_alpha": "ETB", "iso_4217_numeric": 230, "iso2": "ET", "iso3": "ETH", "capital_city": "Addis Ababa", "telephone_calling_code": 251, "internet_domain_code": ".et", "continent_id": 1, "created_on": "2000-01-01 00:00:00", "updated_on": "2000-01-01 00:00:00", "datamode": "I"}}, {"model": "master_manager.country", "pk": 18, "fields": {"id": 18, "name": "GABON", "iso_4217_alpha": "XAF", "iso_4217_numeric": 950, "iso2": "GA", "iso3": "GAB", "capital_city": "Libreville", "telephone_calling_code": 241, "internet_domain_code": ".ga", "continent_id": 1, "created_on": "2000-01-01 00:00:00", "updated_on": "2000-01-01 00:00:00", "datamode": "I"}}, {"model": "master_manager.country", "pk": 19, "fields": {"id": 19, "name": "GAMBIA", "iso_4217_alpha": "GMD", "iso_4217_numeric": 270, "iso2": "GM", "iso3": "GMB", "capital_city": "Banjul", "telephone_calling_code": 220, "internet_domain_code": ".gm", "continent_id": 1, "created_on": "2000-01-01 00:00:00", "updated_on": "2000-01-01 00:00:00", "datamode": "I"}}, {"model": "master_manager.country", "pk": 20, "fields": {"id": 20, "name": "GHANA", "iso_4217_alpha": "GHS", "iso_4217_numeric": 936, "iso2": "GH", "iso3": "GHA", "capital_city": "Accra", "telephone_calling_code": 233, "internet_domain_code": ".gh", "continent_id": 1, "created_on": "2000-01-01 00:00:00", "updated_on": "2000-01-01 00:00:00", "datamode": "I"}}, {"model": "master_manager.country", "pk": 21, "fields": {"id": 21, "name": "GUINEA", "iso_4217_alpha": "GNF", "iso_4217_numeric": 324, "iso2": "GN", "iso3": "GIN", "capital_city": "Conakry", "telephone_calling_code": 224, "internet_domain_code": ".gn", "continent_id": 1, "created_on": "2000-01-01 00:00:00", "updated_on": "2000-01-01 00:00:00", "datamode": "I"}}, {"model": "master_manager.country", "pk": 22, "fields": {"id": 22, "name": "GUINEA-BISSAU", "iso_4217_alpha": "XOF", "iso_4217_numeric": 952, "iso2": "GW", "iso3": "GNB", "capital_city": "Bissau", "telephone_calling_code": 245, "internet_domain_code": ".gw", "continent_id": 1, "created_on": "2000-01-01 00:00:00", "updated_on": "2000-01-01 00:00:00", "datamode": "I"}}, {"model": "master_manager.country", "pk": 23, "fields": {"id": 23, "name": "KENYA", "iso_4217_alpha": "KES", "iso_4217_numeric": 952, "iso2": "KE", "iso3": "KEN", "capital_city": "Nairobi", "telephone_calling_code": 254, "internet_domain_code": ".ke", "continent_id": 1, "created_on": "2000-01-01 00:00:00", "updated_on": "2000-01-01 00:00:00", "datamode": "I"}}, {"model": "master_manager.country", "pk": 24, "fields": {"id": 24, "name": "LESOTHO", "iso_4217_alpha": "LSL", "iso_4217_numeric": 352, "iso2": "LS", "iso3": "LSO", "capital_city": "Maseru", "telephone_calling_code": 266, "internet_domain_code": ".ls", "continent_id": 1, "created_on": "2000-01-01 00:00:00", "updated_on": "2000-01-01 00:00:00", "datamode": "I"}}, {"model": "master_manager.country", "pk": 25, "fields": {"id": 25, "name": "LIBERIA", "iso_4217_alpha": "LRD", "iso_4217_numeric": 360, "iso2": "LR", "iso3": "LBR", "capital_city": "Monrovia", "telephone_calling_code": 231, "internet_domain_code": ".lr", "continent_id": 1, "created_on": "2000-01-01 00:00:00", "updated_on": "2000-01-01 00:00:00", "datamode": "I"}}, {"model": "master_manager.country", "pk": 26, "fields": {"id": 26, "name": "LIBYA", "iso_4217_alpha": "LYD", "iso_4217_numeric": 960, "iso2": "LY", "iso3": "LBY", "capital_city": "Tripoli", "telephone_calling_code": 218, "internet_domain_code": ".ly", "continent_id": 1, "created_on": "2000-01-01 00:00:00", "updated_on": "2000-01-01 00:00:00", "datamode": "I"}}, {"model": "master_manager.country", "pk": 27, "fields": {"id": 27, "name": "MADAGASCAR", "iso_4217_alpha": "MGA", "iso_4217_numeric": 978, "iso2": "MG", "iso3": "MDG", "capital_city": "Antananarivo", "telephone_calling_code": 261, "internet_domain_code": ".mg", "continent_id": 1, "created_on": "2000-01-01 00:00:00", "updated_on": "2000-01-01 00:00:00", "datamode": "I"}}, {"model": "master_manager.country", "pk": 28, "fields": {"id": 28, "name": "MALAWI", "iso_4217_alpha": "MWK", "iso_4217_numeric": 388, "iso2": "MW", "iso3": "MWI", "capital_city": "Lilongwe", "telephone_calling_code": 265, "internet_domain_code": ".mw", "continent_id": 1, "created_on": "2000-01-01 00:00:00", "updated_on": "2000-01-01 00:00:00", "datamode": "I"}}, {"model": "master_manager.country", "pk": 29, "fields": {"id": 29, "name": "MALI", "iso_4217_alpha": "XOF", "iso_4217_numeric": 400, "iso2": "ML", "iso3": "MLI", "capital_city": "Bamako", "telephone_calling_code": 223, "internet_domain_code": ".ml", "continent_id": 1, "created_on": "2000-01-01 00:00:00", "updated_on": "2000-01-01 00:00:00", "datamode": "I"}}, {"model": "master_manager.country", "pk": 30, "fields": {"id": 30, "name": "MAURITANIA", "iso_4217_alpha": "MRO", "iso_4217_numeric": 408, "iso2": "MR", "iso3": "MRT", "capital_city": "Nouakchott", "telephone_calling_code": 222, "internet_domain_code": ".mr", "continent_id": 1, "created_on": "2000-01-01 00:00:00", "updated_on": "2000-01-01 00:00:00", "datamode": "I"}}, {"model": "master_manager.country", "pk": 31, "fields": {"id": 31, "name": "MAURITIUS", "iso_4217_alpha": "MUR", "iso_4217_numeric": 410, "iso2": "MU", "iso3": "MUS", "capital_city": "Port Louis", "telephone_calling_code": 230, "internet_domain_code": ".mu", "continent_id": 1, "created_on": "2000-01-01 00:00:00", "updated_on": "2000-01-01 00:00:00", "datamode": "I"}}, {"model": "master_manager.country", "pk": 32, "fields": {"id": 32, "name": "MOROCCO", "iso_4217_alpha": "MAD", "iso_4217_numeric": 978, "iso2": "MA", "iso3": "MAR", "capital_city": "Rabat", "telephone_calling_code": 212, "internet_domain_code": ".ma", "continent_id": 1, "created_on": "2000-01-01 00:00:00", "updated_on": "2000-01-01 00:00:00", "datamode": "I"}}, {"model": "master_manager.country", "pk": 33, "fields": {"id": 33, "name": "MOZAMBIQUE", "iso_4217_alpha": "MZN", "iso_4217_numeric": 978, "iso2": "MZ", "iso3": "MOZ", "capital_city": "Maputo", "telephone_calling_code": 258, "internet_domain_code": ".mz", "continent_id": 1, "created_on": "2000-01-01 00:00:00", "updated_on": "2000-01-01 00:00:00", "datamode": "I"}}, {"model": "master_manager.country", "pk": 34, "fields": {"id": 34, "name": "NAMIBIA", "iso_4217_alpha": "NAD", "iso_4217_numeric": 807, "iso2": "NB", "iso3": "NAM", "capital_city": "Windhoek", "telephone_calling_code": 264, "internet_domain_code": ".na", "continent_id": 1, "created_on": "2000-01-01 00:00:00", "updated_on": "2000-01-01 00:00:00", "datamode": "I"}}, {"model": "master_manager.country", "pk": 35, "fields": {"id": 35, "name": "NIGER", "iso_4217_alpha": "XOF", "iso_4217_numeric": 978, "iso2": "NE", "iso3": "NER", "capital_city": "Niamey", "telephone_calling_code": 227, "internet_domain_code": ".ne", "continent_id": 1, "created_on": "2000-01-01 00:00:00", "updated_on": "2000-01-01 00:00:00", "datamode": "I"}}, {"model": "master_manager.country", "pk": 36, "fields": {"id": 36, "name": "NIGERIA", "iso_4217_alpha": "NGN", "iso_4217_numeric": 478, "iso2": "NG", "iso3": "NGA", "capital_city": "Abuja", "telephone_calling_code": 234, "internet_domain_code": ".ng", "continent_id": 1, "created_on": "2000-01-01 00:00:00", "updated_on": "2000-01-01 00:00:00", "datamode": "I"}}, {"model": "master_manager.country", "pk": 37, "fields": {"id": 37, "name": "REPUBLIC OF THE CONGO", "iso_4217_alpha": "XAF", "iso_4217_numeric": 950, "iso2": "CG", "iso3": "COG", "capital_city": "Brazzaville", "telephone_calling_code": 242, "internet_domain_code": ".cg", "continent_id": 1, "created_on": "2000-01-01 00:00:00", "updated_on": "2000-01-01 00:00:00", "datamode": "I"}}, {"model": "master_manager.country", "pk": 38, "fields": {"id": 38, "name": "RWANDA", "iso_4217_alpha": "RWF", "iso_4217_numeric": 952, "iso2": "RW", "iso3": "RWA", "capital_city": "Kigali", "telephone_calling_code": 250, "internet_domain_code": ".rw", "continent_id": 1, "created_on": "2000-01-01 00:00:00", "updated_on": "2000-01-01 00:00:00", "datamode": "I"}}, {"model": "master_manager.country", "pk": 39, "fields": {"id": 39, "name": "SAO TOME AND PRINCIPE", "iso_4217_alpha": "STD", "iso_4217_numeric": 590, "iso2": "ST", "iso3": "STP", "capital_city": "S\u00e3o Tom\u00e9", "telephone_calling_code": 239, "internet_domain_code": ".st", "continent_id": 1, "created_on": "2000-01-01 00:00:00", "updated_on": "2000-01-01 00:00:00", "datamode": "I"}}, {"model": "master_manager.country", "pk": 40, "fields": {"id": 40, "name": "SENEGAL", "iso_4217_alpha": "XOF", "iso_4217_numeric": 598, "iso2": "SN", "iso3": "SEN", "capital_city": "Dakar", "telephone_calling_code": 221, "internet_domain_code": ".sn", "continent_id": 1, "created_on": "2000-01-01 00:00:00", "updated_on": "2000-01-01 00:00:00", "datamode": "I"}}, {"model": "master_manager.country", "pk": 41, "fields": {"id": 41, "name": "SEYCHELLES", "iso_4217_alpha": "SCR", "iso_4217_numeric": 604, "iso2": "SC", "iso3": "SYC", "capital_city": "Victoria", "telephone_calling_code": 248, "internet_domain_code": ".sc", "continent_id": 1, "created_on": "2000-01-01 00:00:00", "updated_on": "2000-01-01 00:00:00", "datamode": "I"}}, {"model": "master_manager.country", "pk": 42, "fields": {"id": 42, "name": "SIERRA LEONE", "iso_4217_alpha": "SLL", "iso_4217_numeric": 608, "iso2": "SL", "iso3": "SLE", "capital_city": "Freetown", "telephone_calling_code": 232, "internet_domain_code": ".sl", "continent_id": 1, "created_on": "2000-01-01 00:00:00", "updated_on": "2000-01-01 00:00:00", "datamode": "I"}}, {"model": "master_manager.country", "pk": 43, "fields": {"id": 43, "name": "SOMALIA", "iso_4217_alpha": "SOS", "iso_4217_numeric": 706, "iso2": "SO", "iso3": "SOM", "capital_city": "Mogadishu", "telephone_calling_code": 252, "internet_domain_code": ".za", "continent_id": 1, "created_on": "2000-01-01 00:00:00", "updated_on": "2000-01-01 00:00:00", "datamode": "I"}}, {"model": "master_manager.country", "pk": 44, "fields": {"id": 44, "name": "SOUTH AFRICA", "iso_4217_alpha": "ZAR", "iso_4217_numeric": 710, "iso2": "ZA", "iso3": "ZAF", "capital_city": "Cape Town", "telephone_calling_code": 27, "internet_domain_code": ".gs", "continent_id": 1, "created_on": "2000-01-01 00:00:00", "updated_on": "2000-01-01 00:00:00", "datamode": "I"}}, {"model": "master_manager.country", "pk": 45, "fields": {"id": 45, "name": "SOUTH SUDAN", "iso_4217_alpha": "SSP", "iso_4217_numeric": 728, "iso2": "SS", "iso3": "SSD", "capital_city": "Juba", "telephone_calling_code": 211, "internet_domain_code": ".su", "continent_id": 1, "created_on": "2000-01-01 00:00:00", "updated_on": "2000-01-01 00:00:00", "datamode": "I"}}, {"model": "master_manager.country", "pk": 46, "fields": {"id": 46, "name": "SUDAN", "iso_4217_alpha": "SDG", "iso_4217_numeric": 938, "iso2": "SD", "iso3": "SDN", "capital_city": "Khartoum", "telephone_calling_code": 249, "internet_domain_code": ".sd", "continent_id": 1, "created_on": "2000-01-01 00:00:00", "updated_on": "2000-01-01 00:00:00", "datamode": "I"}}, {"model": "master_manager.country", "pk": 47, "fields": {"id": 47, "name": "SWAZILAND", "iso_4217_alpha": "SZL", "iso_4217_numeric": 748, "iso2": "SZ", "iso3": "SWZ", "capital_city": "Lobamba", "telephone_calling_code": 268, "internet_domain_code": ".sz", "continent_id": 1, "created_on": "2000-01-01 00:00:00", "updated_on": "2000-01-01 00:00:00", "datamode": "I"}}, {"model": "master_manager.country", "pk": 48, "fields": {"id": 48, "name": "TANZANIA", "iso_4217_alpha": "TZS", "iso_4217_numeric": 834, "iso2": "TZ", "iso3": "TZA", "capital_city": "Dodoma", "telephone_calling_code": 255, "internet_domain_code": ".tz", "continent_id": 1, "created_on": "2000-01-01 00:00:00", "updated_on": "2000-01-01 00:00:00", "datamode": "I"}}, {"model": "master_manager.country", "pk": 49, "fields": {"id": 49, "name": "TOGO", "iso_4217_alpha": "XOF", "iso_4217_numeric": 952, "iso2": "TG", "iso3": "TGO", "capital_city": "Lom\u00e9", "telephone_calling_code": 228, "internet_domain_code": ".tg", "continent_id": 1, "created_on": "2000-01-01 00:00:00", "updated_on": "2000-01-01 00:00:00", "datamode": "I"}}, {"model": "master_manager.country", "pk": 50, "fields": {"id": 50, "name": "TUNISIA", "iso_4217_alpha": "TND", "iso_4217_numeric": 788, "iso2": "TN", "iso3": "TUN", "capital_city": "Tunis", "telephone_calling_code": 216, "internet_domain_code": ".tn", "continent_id": 1, "created_on": "2000-01-01 00:00:00", "updated_on": "2000-01-01 00:00:00", "datamode": "I"}}, {"model": "master_manager.country", "pk": 51, "fields": {"id": 51, "name": "UGANDA", "iso_4217_alpha": "UGX", "iso_4217_numeric": 800, "iso2": "UG", "iso3": "UGA", "capital_city": "Kampala", "telephone_calling_code": 256, "internet_domain_code": ".ug", "continent_id": 1, "created_on": "2000-01-01 00:00:00", "updated_on": "2000-01-01 00:00:00", "datamode": "I"}}, {"model": "master_manager.country", "pk": 52, "fields": {"id": 52, "name": "ZAMBIA", "iso_4217_alpha": "ZMW", "iso_4217_numeric": 967, "iso2": "ZM", "iso3": "ZMB", "capital_city": "Lusaka", "telephone_calling_code": 260, "internet_domain_code": ".zm", "continent_id": 1, "created_on": "2000-01-01 00:00:00", "updated_on": "2000-01-01 00:00:00", "datamode": "I"}}, {"model": "master_manager.country", "pk": 53, "fields": {"id": 53, "name": "ZIMBABWE", "iso_4217_alpha": "ZWL", "iso_4217_numeric": 932, "iso2": "ZW", "iso3": "ZWE", "capital_city": "Harare", "telephone_calling_code": 263, "internet_domain_code": ".zw", "continent_id": 1, "created_on": "2000-01-01 00:00:00", "updated_on": "2000-01-01 00:00:00", "datamode": "I"}}, {"model": "master_manager.country", "pk": 54, "fields": {"id": 54, "name": "AFGHANISTAN", "iso_4217_alpha": "AFN", "iso_4217_numeric": 971, "iso2": "AF", "iso3": "AFG", "capital_city": "Kabul", "telephone_calling_code": 93, "internet_domain_code": ".af", "continent_id": 2, "created_on": "2000-01-01 00:00:00", "updated_on": "2000-01-01 00:00:00", "datamode": "I"}}, {"model": "master_manager.country", "pk": 55, "fields": {"id": 55, "name": "ARMENIA", "iso_4217_alpha": "AMD", "iso_4217_numeric": 51, "iso2": "AM", "iso3": "ARM", "capital_city": "Yerevan", "telephone_calling_code": 374, "internet_domain_code": ".am", "continent_id": 2, "created_on": "2000-01-01 00:00:00", "updated_on": "2000-01-01 00:00:00", "datamode": "I"}}, {"model": "master_manager.country", "pk": 56, "fields": {"id": 56, "name": "AZERBAIJAN", "iso_4217_alpha": "AZN", "iso_4217_numeric": 944, "iso2": "AZ", "iso3": "AZE", "capital_city": "Baku", "telephone_calling_code": 994, "internet_domain_code": ".az", "continent_id": 2, "created_on": "2000-01-01 00:00:00", "updated_on": "2000-01-01 00:00:00", "datamode": "I"}}, {"model": "master_manager.country", "pk": 57, "fields": {"id": 57, "name": "BAHRAIN", "iso_4217_alpha": "BHD", "iso_4217_numeric": 48, "iso2": "BH", "iso3": "BHR", "capital_city": "Manama", "telephone_calling_code": 973, "internet_domain_code": ".bh", "continent_id": 2, "created_on": "2000-01-01 00:00:00", "updated_on": "2000-01-01 00:00:00", "datamode": "I"}}, {"model": "master_manager.country", "pk": 58, "fields": {"id": 58, "name": "BANGLADESH", "iso_4217_alpha": "BDT", "iso_4217_numeric": 50, "iso2": "BD", "iso3": "BGD", "capital_city": "Dhaka", "telephone_calling_code": 880, "internet_domain_code": ".bd", "continent_id": 2, "created_on": "2000-01-01 00:00:00", "updated_on": "2000-01-01 00:00:00", "datamode": "I"}}, {"model": "master_manager.country", "pk": 59, "fields": {"id": 59, "name": "BHUTAN", "iso_4217_alpha": "INR", "iso_4217_numeric": 356, "iso2": "BT", "iso3": "BTN", "capital_city": "Thimphu", "telephone_calling_code": 975, "internet_domain_code": ".bt", "continent_id": 2, "created_on": "2000-01-01 00:00:00", "updated_on": "2000-01-01 00:00:00", "datamode": "I"}}, {"model": "master_manager.country", "pk": 60, "fields": {"id": 60, "name": "BRUNEI", "iso_4217_alpha": "BND", "iso_4217_numeric": 96, "iso2": "BN", "iso3": "BRN", "capital_city": "Bandar Seri Begawan", "telephone_calling_code": 673, "internet_domain_code": ".bn", "continent_id": 2, "created_on": "2000-01-01 00:00:00", "updated_on": "2000-01-01 00:00:00", "datamode": "I"}}, {"model": "master_manager.country", "pk": 61, "fields": {"id": 61, "name": "CAMBODIA", "iso_4217_alpha": "KHR", "iso_4217_numeric": 116, "iso2": "KH", "iso3": "KHM", "capital_city": "Phnom Penh", "telephone_calling_code": 855, "internet_domain_code": ".kh", "continent_id": 2, "created_on": "2000-01-01 00:00:00", "updated_on": "2000-01-01 00:00:00", "datamode": "I"}}, {"model": "master_manager.country", "pk": 62, "fields": {"id": 62, "name": "CHINA", "iso_4217_alpha": "CNY", "iso_4217_numeric": 156, "iso2": "CN", "iso3": "CHN", "capital_city": "Beijing", "telephone_calling_code": 86, "internet_domain_code": ".cn", "continent_id": 2, "created_on": "2000-01-01 00:00:00", "updated_on": "2000-01-01 00:00:00", "datamode": "I"}}, {"model": "master_manager.country", "pk": 63, "fields": {"id": 63, "name": "CYPRUS", "iso_4217_alpha": "EUR", "iso_4217_numeric": 978, "iso2": "CY", "iso3": "CYP", "capital_city": "Nicosia", "telephone_calling_code": 357, "internet_domain_code": ".cy", "continent_id": 2, "created_on": "2000-01-01 00:00:00", "updated_on": "2000-01-01 00:00:00", "datamode": "I"}}, {"model": "master_manager.country", "pk": 64, "fields": {"id": 64, "name": "GEORGIA", "iso_4217_alpha": "GEL", "iso_4217_numeric": 981, "iso2": "GE", "iso3": "GEO", "capital_city": "Tbilisi", "telephone_calling_code": 995, "internet_domain_code": ".ge", "continent_id": 2, "created_on": "2000-01-01 00:00:00", "updated_on": "2000-01-01 00:00:00", "datamode": "I"}}, {"model": "master_manager.country", "pk": 65, "fields": {"id": 65, "name": "INDIA", "iso_4217_alpha": "INR", "iso_4217_numeric": 356, "iso2": "IN", "iso3": "IND", "capital_city": "New Delhi", "telephone_calling_code": 91, "internet_domain_code": ".in", "continent_id": 2, "created_on": "2000-01-01 00:00:00", "updated_on": "2000-01-01 00:00:00", "datamode": "A"}}, {"model": "master_manager.country", "pk": 66, "fields": {"id": 66, "name": "INDONESIA", "iso_4217_alpha": "IDR", "iso_4217_numeric": 360, "iso2": "ID", "iso3": "IDN", "capital_city": "Jakarta", "telephone_calling_code": 62, "internet_domain_code": ".id", "continent_id": 2, "created_on": "2000-01-01 00:00:00", "updated_on": "2000-01-01 00:00:00", "datamode": "I"}}, {"model": "master_manager.country", "pk": 67, "fields": {"id": 67, "name": "IRAN", "iso_4217_alpha": "IRR", "iso_4217_numeric": 364, "iso2": "IR", "iso3": "IRN", "capital_city": "Tehran", "telephone_calling_code": 98, "internet_domain_code": ".ir", "continent_id": 2, "created_on": "2000-01-01 00:00:00", "updated_on": "2000-01-01 00:00:00", "datamode": "I"}}, {"model": "master_manager.country", "pk": 68, "fields": {"id": 68, "name": "IRAQ", "iso_4217_alpha": "IQD", "iso_4217_numeric": 368, "iso2": "IQ", "iso3": "IRQ", "capital_city": "Baghdad", "telephone_calling_code": 964, "internet_domain_code": ".iq", "continent_id": 2, "created_on": "2000-01-01 00:00:00", "updated_on": "2000-01-01 00:00:00", "datamode": "I"}}, {"model": "master_manager.country", "pk": 69, "fields": {"id": 69, "name": "ISRAEL", "iso_4217_alpha": "ILS", "iso_4217_numeric": 376, "iso2": "IL", "iso3": "ISR", "capital_city": "Jerusalem", "telephone_calling_code": 972, "internet_domain_code": ".il", "continent_id": 2, "created_on": "2000-01-01 00:00:00", "updated_on": "2000-01-01 00:00:00", "datamode": "I"}}, {"model": "master_manager.country", "pk": 70, "fields": {"id": 70, "name": "JAPAN", "iso_4217_alpha": "JPY", "iso_4217_numeric": 392, "iso2": "JP", "iso3": "JPN", "capital_city": "Tokyo", "telephone_calling_code": 81, "internet_domain_code": ".jp", "continent_id": 2, "created_on": "2000-01-01 00:00:00", "updated_on": "2000-01-01 00:00:00", "datamode": "I"}}, {"model": "master_manager.country", "pk": 71, "fields": {"id": 71, "name": "JORDAN", "iso_4217_alpha": "JOD", "iso_4217_numeric": 826, "iso2": "JO", "iso3": "JOR", "capital_city": "Amman", "telephone_calling_code": 962, "internet_domain_code": ".jo", "continent_id": 2, "created_on": "2000-01-01 00:00:00", "updated_on": "2000-01-01 00:00:00", "datamode": "I"}}, {"model": "master_manager.country", "pk": 72, "fields": {"id": 72, "name": "KAZAKHSTAN", "iso_4217_alpha": "KZT", "iso_4217_numeric": 324, "iso2": "KZ", "iso3": "KAZ", "capital_city": "Astana", "telephone_calling_code": 7, "internet_domain_code": ".kz", "continent_id": 2, "created_on": "2000-01-01 00:00:00", "updated_on": "2000-01-01 00:00:00", "datamode": "I"}}, {"model": "master_manager.country", "pk": 73, "fields": {"id": 73, "name": "KUWAIT", "iso_4217_alpha": "KWD", "iso_4217_numeric": 36, "iso2": "KW", "iso3": "KWT", "capital_city": "Kuwait City", "telephone_calling_code": 965, "internet_domain_code": ".kw", "continent_id": 2, "created_on": "2000-01-01 00:00:00", "updated_on": "2000-01-01 00:00:00", "datamode": "I"}}, {"model": "master_manager.country", "pk": 74, "fields": {"id": 74, "name": "KYRGYZSTAN", "iso_4217_alpha": "KGS", "iso_4217_numeric": 978, "iso2": "KG", "iso3": "KGZ", "capital_city": "Bishkek", "telephone_calling_code": 996, "internet_domain_code": ".kg", "continent_id": 2, "created_on": "2000-01-01 00:00:00", "updated_on": "2000-01-01 00:00:00", "datamode": "I"}}, {"model": "master_manager.country", "pk": 75, "fields": {"id": 75, "name": "LAOS", "iso_4217_alpha": "LAK", "iso_4217_numeric": 340, "iso2": "LA", "iso3": "LAO", "capital_city": "Vientiane", "telephone_calling_code": 856, "internet_domain_code": ".la", "continent_id": 2, "created_on": "2000-01-01 00:00:00", "updated_on": "2000-01-01 00:00:00", "datamode": "I"}}, {"model": "master_manager.country", "pk": 76, "fields": {"id": 76, "name": "LEBANON", "iso_4217_alpha": "LBP", "iso_4217_numeric": 348, "iso2": "LB", "iso3": "LBN", "capital_city": "Beirut", "telephone_calling_code": 961, "internet_domain_code": ".lb", "continent_id": 2, "created_on": "2000-01-01 00:00:00", "updated_on": "2000-01-01 00:00:00", "datamode": "I"}}, {"model": "master_manager.country", "pk": 77, "fields": {"id": 77, "name": "MALAYSIA", "iso_4217_alpha": "MYR", "iso_4217_numeric": 392, "iso2": "MY", "iso3": "MYS", "capital_city": "Kuala Lumpur", "telephone_calling_code": 60, "internet_domain_code": ".my", "continent_id": 2, "created_on": "2000-01-01 00:00:00", "updated_on": "2000-01-01 00:00:00", "datamode": "I"}}, {"model": "master_manager.country", "pk": 78, "fields": {"id": 78, "name": "MALDIVES", "iso_4217_alpha": "MVR", "iso_4217_numeric": 826, "iso2": "MV", "iso3": "MDV", "capital_city": "Male", "telephone_calling_code": 960, "internet_domain_code": ".mv", "continent_id": 2, "created_on": "2000-01-01 00:00:00", "updated_on": "2000-01-01 00:00:00", "datamode": "I"}}, {"model": "master_manager.country", "pk": 79, "fields": {"id": 79, "name": "MONGOLIA", "iso_4217_alpha": "MNT", "iso_4217_numeric": 430, "iso2": "MN", "iso3": "MNG", "capital_city": "Ulaanbaatar", "telephone_calling_code": 976, "internet_domain_code": ".mn", "continent_id": 2, "created_on": "2000-01-01 00:00:00", "updated_on": "2000-01-01 00:00:00", "datamode": "I"}}, {"model": "master_manager.country", "pk": 80, "fields": {"id": 80, "name": "MYANMAR (BURMA)", "iso_4217_alpha": "MMK", "iso_4217_numeric": 446, "iso2": "MM", "iso3": "MMR", "capital_city": "Naypyidaw", "telephone_calling_code": 95, "internet_domain_code": ".mm", "continent_id": 2, "created_on": "2000-01-01 00:00:00", "updated_on": "2000-01-01 00:00:00", "datamode": "I"}}, {"model": "master_manager.country", "pk": 81, "fields": {"id": 81, "name": "NEPAL", "iso_4217_alpha": "NPR", "iso_4217_numeric": 458, "iso2": "NP", "iso3": "NPL", "capital_city": "Kathmandu", "telephone_calling_code": 977, "internet_domain_code": ".np", "continent_id": 2, "created_on": "2000-01-01 00:00:00", "updated_on": "2000-01-01 00:00:00", "datamode": "I"}}, {"model": "master_manager.country", "pk": 82, "fields": {"id": 82, "name": "NORTH KOREA", "iso_4217_alpha": "KPW", "iso_4217_numeric": 408, "iso2": "KP", "iso3": "PRK", "capital_city": "Pyongyang", "telephone_calling_code": 850, "internet_domain_code": ".kp", "continent_id": 2, "created_on": "2000-01-01 00:00:00", "updated_on": "2000-01-01 00:00:00", "datamode": "I"}}, {"model": "master_manager.country", "pk": 83, "fields": {"id": 83, "name": "OMAN", "iso_4217_alpha": "OMR", "iso_4217_numeric": 512, "iso2": "OM", "iso3": "OMN", "capital_city": "Muscat", "telephone_calling_code": 968, "internet_domain_code": ".om", "continent_id": 2, "created_on": "2000-01-01 00:00:00", "updated_on": "2000-01-01 00:00:00", "datamode": "I"}}, {"model": "master_manager.country", "pk": 84, "fields": {"id": 84, "name": "PAKISTAN", "iso_4217_alpha": "PKR", "iso_4217_numeric": 586, "iso2": "PK", "iso3": "PAK", "capital_city": "Islamabad", "telephone_calling_code": 92, "internet_domain_code": ".pk", "continent_id": 2, "created_on": "2000-01-01 00:00:00", "updated_on": "2000-01-01 00:00:00", "datamode": "I"}}, {"model": "master_manager.country", "pk": 85, "fields": {"id": 85, "name": "PALESTINE", "iso_4217_alpha": "EGP", "iso_4217_numeric": 818, "iso2": "PS", "iso3": "PSE", "capital_city": "Jerusalem", "telephone_calling_code": 970, "internet_domain_code": ".ps", "continent_id": 2, "created_on": "2000-01-01 00:00:00", "updated_on": "2000-01-01 00:00:00", "datamode": "I"}}, {"model": "master_manager.country", "pk": 86, "fields": {"id": 86, "name": "PHILIPPINES", "iso_4217_alpha": "PHP", "iso_4217_numeric": 104, "iso2": "PH", "iso3": "PHL", "capital_city": "Manila", "telephone_calling_code": 63, "internet_domain_code": ".ph", "continent_id": 2, "created_on": "2000-01-01 00:00:00", "updated_on": "2000-01-01 00:00:00", "datamode": "I"}}, {"model": "master_manager.country", "pk": 87, "fields": {"id": 87, "name": "QATAR", "iso_4217_alpha": "QAR", "iso_4217_numeric": 978, "iso2": "QA", "iso3": "QAT", "capital_city": "Doha", "telephone_calling_code": 974, "internet_domain_code": ".qa", "continent_id": 2, "created_on": "2000-01-01 00:00:00", "updated_on": "2000-01-01 00:00:00", "datamode": "I"}}, {"model": "master_manager.country", "pk": 88, "fields": {"id": 88, "name": "RUSSIA", "iso_4217_alpha": "RUB", "iso_4217_numeric": 558, "iso2": "RU", "iso3": "RUS", "capital_city": "Moscow", "telephone_calling_code": 7, "internet_domain_code": ".ru", "continent_id": 2, "created_on": "2000-01-01 00:00:00", "updated_on": "2000-01-01 00:00:00", "datamode": "I"}}, {"model": "master_manager.country", "pk": 89, "fields": {"id": 89, "name": "SAUDI ARABIA", "iso_4217_alpha": "SAR", "iso_4217_numeric": 840, "iso2": "SA", "iso3": "SAU", "capital_city": "Riyadh", "telephone_calling_code": 966, "internet_domain_code": ".sa", "continent_id": 2, "created_on": "2000-01-01 00:00:00", "updated_on": "2000-01-01 00:00:00", "datamode": "I"}}, {"model": "master_manager.country", "pk": 90, "fields": {"id": 90, "name": "SINGAPORE", "iso_4217_alpha": "SGD", "iso_4217_numeric": 554, "iso2": "SG", "iso3": "SGP", "capital_city": "Singapore", "telephone_calling_code": 65, "internet_domain_code": ".sg", "continent_id": 2, "created_on": "2000-01-01 00:00:00", "updated_on": "2000-01-01 00:00:00", "datamode": "I"}}, {"model": "master_manager.country", "pk": 91, "fields": {"id": 91, "name": "SOUTH KOREA", "iso_4217_alpha": "KRW", "iso_4217_numeric": 410, "iso2": "KR", "iso3": "KOR", "capital_city": "Seoul", "telephone_calling_code": 82, "internet_domain_code": ".kr", "continent_id": 2, "created_on": "2000-01-01 00:00:00", "updated_on": "2000-01-01 00:00:00", "datamode": "I"}}, {"model": "master_manager.country", "pk": 92, "fields": {"id": 92, "name": "SRI LANKA", "iso_4217_alpha": "LKR", "iso_4217_numeric": 144, "iso2": "LK", "iso3": "LKA", "capital_city": "Sri Jayawardenepura Kotte", "telephone_calling_code": 94, "internet_domain_code": ".lk", "continent_id": 2, "created_on": "2000-01-01 00:00:00", "updated_on": "2000-01-01 00:00:00", "datamode": "I"}}, {"model": "master_manager.country", "pk": 93, "fields": {"id": 93, "name": "SYRIA", "iso_4217_alpha": "SYP", "iso_4217_numeric": 760, "iso2": "SY", "iso3": "SYR", "capital_city": "Damascus", "telephone_calling_code": 963, "internet_domain_code": ".sy", "continent_id": 2, "created_on": "2000-01-01 00:00:00", "updated_on": "2000-01-01 00:00:00", "datamode": "I"}}, {"model": "master_manager.country", "pk": 94, "fields": {"id": 94, "name": "TAIWAN", "iso_4217_alpha": "TWD", "iso_4217_numeric": 901, "iso2": "TW", "iso3": "TWN", "capital_city": "Taipei", "telephone_calling_code": 886, "internet_domain_code": ".tw", "continent_id": 2, "created_on": "2000-01-01 00:00:00", "updated_on": "2000-01-01 00:00:00", "datamode": "I"}}, {"model": "master_manager.country", "pk": 95, "fields": {"id": 95, "name": "TAJIKISTAN", "iso_4217_alpha": "TJS", "iso_4217_numeric": 972, "iso2": "TJ", "iso3": "TJK", "capital_city": "Dushanbe", "telephone_calling_code": 992, "internet_domain_code": ".tj", "continent_id": 2, "created_on": "2000-01-01 00:00:00", "updated_on": "2000-01-01 00:00:00", "datamode": "I"}}, {"model": "master_manager.country", "pk": 96, "fields": {"id": 96, "name": "THAILAND", "iso_4217_alpha": "THB", "iso_4217_numeric": 764, "iso2": "TH", "iso3": "THA", "capital_city": "Bangkok", "telephone_calling_code": 66, "internet_domain_code": ".th", "continent_id": 2, "created_on": "2000-01-01 00:00:00", "updated_on": "2000-01-01 00:00:00", "datamode": "I"}}, {"model": "master_manager.country", "pk": 97, "fields": {"id": 97, "name": "TIMOR-LESTE", "iso_4217_alpha": "USD", "iso_4217_numeric": 840, "iso2": "TL", "iso3": "TLS", "capital_city": "Dili", "telephone_calling_code": 670, "internet_domain_code": ".tl", "continent_id": 2, "created_on": "2000-01-01 00:00:00", "updated_on": "2000-01-01 00:00:00", "datamode": "I"}}, {"model": "master_manager.country", "pk": 98, "fields": {"id": 98, "name": "TURKEY", "iso_4217_alpha": "TRY", "iso_4217_numeric": 949, "iso2": "TR", "iso3": "TUR", "capital_city": "Ankara", "telephone_calling_code": 90, "internet_domain_code": ".tr", "continent_id": 2, "created_on": "2000-01-01 00:00:00", "updated_on": "2000-01-01 00:00:00", "datamode": "I"}}, {"model": "master_manager.country", "pk": 99, "fields": {"id": 99, "name": "TURKMENISTAN", "iso_4217_alpha": "TMT", "iso_4217_numeric": 934, "iso2": "TM", "iso3": "TKM", "capital_city": "Ashgabat", "telephone_calling_code": 993, "internet_domain_code": ".tm", "continent_id": 2, "created_on": "2000-01-01 00:00:00", "updated_on": "2000-01-01 00:00:00", "datamode": "I"}}, {"model": "master_manager.country", "pk": 100, "fields": {"id": 100, "name": "UNITED ARAB EMIRATES", "iso_4217_alpha": "AED", "iso_4217_numeric": 784, "iso2": "AE", "iso3": "ARE", "capital_city": "Abu Dhabi", "telephone_calling_code": 971, "internet_domain_code": ".ae", "continent_id": 2, "created_on": "2000-01-01 00:00:00", "updated_on": "2000-01-01 00:00:00", "datamode": "I"}}, {"model": "master_manager.country", "pk": 101, "fields": {"id": 101, "name": "UZBEKISTAN", "iso_4217_alpha": "UYU", "iso_4217_numeric": 858, "iso2": "UZ", "iso3": "UZB", "capital_city": "Tashkent", "telephone_calling_code": 998, "internet_domain_code": ".uz", "continent_id": 2, "created_on": "2000-01-01 00:00:00", "updated_on": "2000-01-01 00:00:00", "datamode": "I"}}, {"model": "master_manager.country", "pk": 102, "fields": {"id": 102, "name": "VIETNAM", "iso_4217_alpha": "VND", "iso_4217_numeric": 704, "iso2": "VN", "iso3": "VNM", "capital_city": "Hanoi", "telephone_calling_code": 84, "internet_domain_code": ".vn", "continent_id": 2, "created_on": "2000-01-01 00:00:00", "updated_on": "2000-01-01 00:00:00", "datamode": "I"}}, {"model": "master_manager.country", "pk": 103, "fields": {"id": 103, "name": "YEMEN", "iso_4217_alpha": "YER", "iso_4217_numeric": 886, "iso2": "YE", "iso3": "YEM", "capital_city": "Sana'a", "telephone_calling_code": 967, "internet_domain_code": ".ye", "continent_id": 2, "created_on": "2000-01-01 00:00:00", "updated_on": "2000-01-01 00:00:00", "datamode": "I"}}, {"model": "master_manager.country", "pk": 104, "fields": {"id": 104, "name": "AUSTRALIA", "iso_4217_alpha": "AUD", "iso_4217_numeric": 951, "iso2": "AU", "iso3": "AUS", "capital_city": "Canberra", "telephone_calling_code": 61, "internet_domain_code": ".au", "continent_id": 3, "created_on": "2000-01-01 00:00:00", "updated_on": "2000-01-01 00:00:00", "datamode": "I"}}, {"model": "master_manager.country", "pk": 105, "fields": {"id": 105, "name": "FIJI", "iso_4217_alpha": "FJD", "iso_4217_numeric": 242, "iso2": "FJ", "iso3": "FJI", "capital_city": "Suva", "telephone_calling_code": 679, "internet_domain_code": ".fj", "continent_id": 3, "created_on": "2000-01-01 00:00:00", "updated_on": "2000-01-01 00:00:00", "datamode": "I"}}, {"model": "master_manager.country", "pk": 106, "fields": {"id": 106, "name": "KIRIBATI", "iso_4217_alpha": "AUD", "iso_4217_numeric": 328, "iso2": "KI", "iso3": "KIR", "capital_city": "Tarawa", "telephone_calling_code": 686, "internet_domain_code": ".ki", "continent_id": 3, "created_on": "2000-01-01 00:00:00", "updated_on": "2000-01-01 00:00:00", "datamode": "I"}}, {"model": "master_manager.country", "pk": 107, "fields": {"id": 107, "name": "MARSHALL ISLANDS", "iso_4217_alpha": "USD", "iso_4217_numeric": 404, "iso2": "MH", "iso3": "MHL", "capital_city": "Majuro", "telephone_calling_code": 692, "internet_domain_code": ".mh", "continent_id": 3, "created_on": "2000-01-01 00:00:00", "updated_on": "2000-01-01 00:00:00", "datamode": "I"}}, {"model": "master_manager.country", "pk": 108, "fields": {"id": 108, "name": "MICRONESIA", "iso_4217_alpha": "USD", "iso_4217_numeric": 422, "iso2": "FM", "iso3": "FSM", "capital_city": "Palikir", "telephone_calling_code": 691, "internet_domain_code": ".mx", "continent_id": 3, "created_on": "2000-01-01 00:00:00", "updated_on": "2000-01-01 00:00:00", "datamode": "I"}}, {"model": "master_manager.country", "pk": 109, "fields": {"id": 109, "name": "NAURU", "iso_4217_alpha": "AUD", "iso_4217_numeric": 454, "iso2": "NR", "iso3": "NRU", "capital_city": "Yaren District", "telephone_calling_code": 674, "internet_domain_code": ".nr", "continent_id": 3, "created_on": "2000-01-01 00:00:00", "updated_on": "2000-01-01 00:00:00", "datamode": "I"}}, {"model": "master_manager.country", "pk": 110, "fields": {"id": 110, "name": "NEW ZEALAND", "iso_4217_alpha": "NZD", "iso_4217_numeric": 978, "iso2": "NZ", "iso3": "NZL", "capital_city": "Wellington", "telephone_calling_code": 64, "internet_domain_code": ".nz", "continent_id": 3, "created_on": "2000-01-01 00:00:00", "updated_on": "2000-01-01 00:00:00", "datamode": "I"}}, {"model": "master_manager.country", "pk": 111, "fields": {"id": 111, "name": "ALBANIA", "iso_4217_alpha": "ALL", "iso_4217_numeric": 8, "iso2": "AL", "iso3": "ALB", "capital_city": "Tirana", "telephone_calling_code": 355, "internet_domain_code": ".al", "continent_id": 4, "created_on": "2000-01-01 00:00:00", "updated_on": "2000-01-01 00:00:00", "datamode": "I"}}, {"model": "master_manager.country", "pk": 112, "fields": {"id": 112, "name": "ANDORRA", "iso_4217_alpha": "EUR", "iso_4217_numeric": 978, "iso2": "AD", "iso3": "AND", "capital_city": "Andorra la Vella", "telephone_calling_code": 376, "internet_domain_code": ".ad", "continent_id": 4, "created_on": "2000-01-01 00:00:00", "updated_on": "2000-01-01 00:00:00", "datamode": "I"}}, {"model": "master_manager.country", "pk": 113, "fields": {"id": 113, "name": "AUSTRIA", "iso_4217_alpha": "EUR", "iso_4217_numeric": 978, "iso2": "AT", "iso3": "AUT", "capital_city": "Vienna", "telephone_calling_code": 43, "internet_domain_code": ".at", "continent_id": 4, "created_on": "2000-01-01 00:00:00", "updated_on": "2000-01-01 00:00:00", "datamode": "I"}}, {"model": "master_manager.country", "pk": 114, "fields": {"id": 114, "name": "BELARUS", "iso_4217_alpha": "BYR", "iso_4217_numeric": 974, "iso2": "BY", "iso3": "BLR", "capital_city": "Minsk", "telephone_calling_code": 375, "internet_domain_code": ".by", "continent_id": 4, "created_on": "2000-01-01 00:00:00", "updated_on": "2000-01-01 00:00:00", "datamode": "I"}}, {"model": "master_manager.country", "pk": 115, "fields": {"id": 115, "name": "BELGIUM", "iso_4217_alpha": "EUR", "iso_4217_numeric": 978, "iso2": "BE", "iso3": "BEL", "capital_city": "Brussels", "telephone_calling_code": 32, "internet_domain_code": ".be", "continent_id": 4, "created_on": "2000-01-01 00:00:00", "updated_on": "2000-01-01 00:00:00", "datamode": "I"}}, {"model": "master_manager.country", "pk": 116, "fields": {"id": 116, "name": "BOSNIA AND HERZEGOVINA", "iso_4217_alpha": "BAM", "iso_4217_numeric": 977, "iso2": "BA", "iso3": "BIH", "capital_city": "Sarajevo", "telephone_calling_code": 387, "internet_domain_code": ".ba", "continent_id": 4, "created_on": "2000-01-01 00:00:00", "updated_on": "2000-01-01 00:00:00", "datamode": "I"}}, {"model": "master_manager.country", "pk": 117, "fields": {"id": 117, "name": "BULGARIA", "iso_4217_alpha": "BGN", "iso_4217_numeric": 975, "iso2": "BG", "iso3": "BGR", "capital_city": "Sofia", "telephone_calling_code": 359, "internet_domain_code": ".bg", "continent_id": 4, "created_on": "2000-01-01 00:00:00", "updated_on": "2000-01-01 00:00:00", "datamode": "I"}}, {"model": "master_manager.country", "pk": 118, "fields": {"id": 118, "name": "CROATIA", "iso_4217_alpha": "HRK", "iso_4217_numeric": 191, "iso2": "HR", "iso3": "HRV", "capital_city": "Zagreb", "telephone_calling_code": 385, "internet_domain_code": ".hr", "continent_id": 4, "created_on": "2000-01-01 00:00:00", "updated_on": "2000-01-01 00:00:00", "datamode": "I"}}, {"model": "master_manager.country", "pk": 119, "fields": {"id": 119, "name": "CZECH REPUBLIC", "iso_4217_alpha": "CZK", "iso_4217_numeric": 203, "iso2": "CZ", "iso3": "CZE", "capital_city": "Prague", "telephone_calling_code": 420, "internet_domain_code": ".cz", "continent_id": 4, "created_on": "2000-01-01 00:00:00", "updated_on": "2000-01-01 00:00:00", "datamode": "I"}}, {"model": "master_manager.country", "pk": 120, "fields": {"id": 120, "name": "DJIBOUTI", "iso_4217_alpha": "DJF", "iso_4217_numeric": 262, "iso2": "DJ", "iso3": "DJI", "capital_city": "Djibouti", "telephone_calling_code": 45, "internet_domain_code": ".dk", "continent_id": 4, "created_on": "2000-01-01 00:00:00", "updated_on": "2000-01-01 00:00:00", "datamode": "I"}}, {"model": "master_manager.country", "pk": 121, "fields": {"id": 121, "name": "ESTONIA", "iso_4217_alpha": "EUR", "iso_4217_numeric": 978, "iso2": "EE", "iso3": "EST", "capital_city": "Tallinn", "telephone_calling_code": 372, "internet_domain_code": ".ee", "continent_id": 4, "created_on": "2000-01-01 00:00:00", "updated_on": "2000-01-01 00:00:00", "datamode": "I"}}, {"model": "master_manager.country", "pk": 122, "fields": {"id": 122, "name": "FINLAND", "iso_4217_alpha": "EUR", "iso_4217_numeric": 978, "iso2": "FI", "iso3": "FIN", "capital_city": "Helsinki", "telephone_calling_code": 358, "internet_domain_code": ".fi", "continent_id": 4, "created_on": "2000-01-01 00:00:00", "updated_on": "2000-01-01 00:00:00", "datamode": "I"}}, {"model": "master_manager.country", "pk": 123, "fields": {"id": 123, "name": "FRANCE", "iso_4217_alpha": "EUR", "iso_4217_numeric": 978, "iso2": "FR", "iso3": "FRA", "capital_city": "Paris", "telephone_calling_code": 33, "internet_domain_code": ".fr", "continent_id": 4, "created_on": "2000-01-01 00:00:00", "updated_on": "2000-01-01 00:00:00", "datamode": "I"}}, {"model": "master_manager.country", "pk": 124, "fields": {"id": 124, "name": "GERMANY", "iso_4217_alpha": "EUR", "iso_4217_numeric": 978, "iso2": "DE", "iso3": "DEU", "capital_city": "Berlin", "telephone_calling_code": 49, "internet_domain_code": ".de", "continent_id": 4, "created_on": "2000-01-01 00:00:00", "updated_on": "2000-01-01 00:00:00", "datamode": "I"}}, {"model": "master_manager.country", "pk": 125, "fields": {"id": 125, "name": "GREECE", "iso_4217_alpha": "GIP", "iso_4217_numeric": 292, "iso2": "GR", "iso3": "GRC", "capital_city": "Athens", "telephone_calling_code": 30, "internet_domain_code": ".gr", "continent_id": 4, "created_on": "2000-01-01 00:00:00", "updated_on": "2000-01-01 00:00:00", "datamode": "I"}}, {"model": "master_manager.country", "pk": 126, "fields": {"id": 126, "name": "HUNGARY", "iso_4217_alpha": "HUF", "iso_4217_numeric": 348, "iso2": "HU", "iso3": "HUN", "capital_city": "Budapest", "telephone_calling_code": 36, "internet_domain_code": ".hu", "continent_id": 4, "created_on": "2000-01-01 00:00:00", "updated_on": "2000-01-01 00:00:00", "datamode": "I"}}, {"model": "master_manager.country", "pk": 127, "fields": {"id": 127, "name": "ICELAND", "iso_4217_alpha": "ISK", "iso_4217_numeric": 352, "iso2": "IS", "iso3": "ISL", "capital_city": "Reykjavik", "telephone_calling_code": 354, "internet_domain_code": ".is", "continent_id": 4, "created_on": "2000-01-01 00:00:00", "updated_on": "2000-01-01 00:00:00", "datamode": "I"}}, {"model": "master_manager.country", "pk": 128, "fields": {"id": 128, "name": "IRELAND", "iso_4217_alpha": "EUR", "iso_4217_numeric": 978, "iso2": "IE", "iso3": "IRL", "capital_city": "Dublin", "telephone_calling_code": 353, "internet_domain_code": ".ie", "continent_id": 4, "created_on": "2000-01-01 00:00:00", "updated_on": "2000-01-01 00:00:00", "datamode": "I"}}, {"model": "master_manager.country", "pk": 129, "fields": {"id": 129, "name": "ITALY", "iso_4217_alpha": "EUR", "iso_4217_numeric": 978, "iso2": "IT", "iso3": "ITA", "capital_city": "Rome", "telephone_calling_code": 39, "internet_domain_code": ".it", "continent_id": 4, "created_on": "2000-01-01 00:00:00", "updated_on": "2000-01-01 00:00:00", "datamode": "I"}}, {"model": "master_manager.country", "pk": 130, "fields": {"id": 130, "name": "KOSOVO", "iso_4217_alpha": "EUR", "iso_4217_numeric": 978, "iso2": "XK", "iso3": "XKX", "capital_city": "Pristina", "telephone_calling_code": 383, "internet_domain_code": ".eu", "continent_id": 4, "created_on": "2000-01-01 00:00:00", "updated_on": "2000-01-01 00:00:00", "datamode": "I"}}, {"model": "master_manager.country", "pk": 131, "fields": {"id": 131, "name": "LATVIA", "iso_4217_alpha": "EUR", "iso_4217_numeric": 344, "iso2": "LV", "iso3": "LVA", "capital_city": "Riga", "telephone_calling_code": 371, "internet_domain_code": ".lv", "continent_id": 4, "created_on": "2000-01-01 00:00:00", "updated_on": "2000-01-01 00:00:00", "datamode": "I"}}, {"model": "master_manager.country", "pk": 132, "fields": {"id": 132, "name": "LIECHTENSTEIN", "iso_4217_alpha": "CHF", "iso_4217_numeric": 364, "iso2": "LI", "iso3": "LIE", "capital_city": "Vaduz", "telephone_calling_code": 423, "internet_domain_code": ".li", "continent_id": 4, "created_on": "2000-01-01 00:00:00", "updated_on": "2000-01-01 00:00:00", "datamode": "I"}}, {"model": "master_manager.country", "pk": 133, "fields": {"id": 133, "name": "LITHUANIA", "iso_4217_alpha": "EUR", "iso_4217_numeric": 368, "iso2": "LT", "iso3": "LTU", "capital_city": "Vilnius", "telephone_calling_code": 370, "internet_domain_code": ".lt", "continent_id": 4, "created_on": "2000-01-01 00:00:00", "updated_on": "2000-01-01 00:00:00", "datamode": "I"}}, {"model": "master_manager.country", "pk": 134, "fields": {"id": 134, "name": "LUXEMBOURG", "iso_4217_alpha": "EUR", "iso_4217_numeric": 978, "iso2": "LU", "iso3": "LUX", "capital_city": "Luxembourg", "telephone_calling_code": 352, "internet_domain_code": ".lu", "continent_id": 4, "created_on": "2000-01-01 00:00:00", "updated_on": "2000-01-01 00:00:00", "datamode": "I"}}, {"model": "master_manager.country", "pk": 135, "fields": {"id": 135, "name": "MACEDONIA (FYROM)", "iso_4217_alpha": "MKD", "iso_4217_numeric": 376, "iso2": "MK", "iso3": "MKD", "capital_city": "Skopje", "telephone_calling_code": 389, "internet_domain_code": ".mk", "continent_id": 4, "created_on": "2000-01-01 00:00:00", "updated_on": "2000-01-01 00:00:00", "datamode": "I"}}, {"model": "master_manager.country", "pk": 136, "fields": {"id": 136, "name": "MALTA", "iso_4217_alpha": "EUR", "iso_4217_numeric": 398, "iso2": "MT", "iso3": "MLT", "capital_city": "Valletta", "telephone_calling_code": 356, "internet_domain_code": ".mt", "continent_id": 4, "created_on": "2000-01-01 00:00:00", "updated_on": "2000-01-01 00:00:00", "datamode": "I"}}, {"model": "master_manager.country", "pk": 137, "fields": {"id": 137, "name": "MOLDOVA", "iso_4217_alpha": "MDL", "iso_4217_numeric": 426, "iso2": "MD", "iso3": "MDA", "capital_city": "Chisinau", "telephone_calling_code": 373, "internet_domain_code": ".md", "continent_id": 4, "created_on": "2000-01-01 00:00:00", "updated_on": "2000-01-01 00:00:00", "datamode": "I"}}, {"model": "master_manager.country", "pk": 138, "fields": {"id": 138, "name": "MONACO", "iso_4217_alpha": "EUR", "iso_4217_numeric": 710, "iso2": "MC", "iso3": "MCO", "capital_city": "Monaco", "telephone_calling_code": 377, "internet_domain_code": ".mc", "continent_id": 4, "created_on": "2000-01-01 00:00:00", "updated_on": "2000-01-01 00:00:00", "datamode": "I"}}, {"model": "master_manager.country", "pk": 139, "fields": {"id": 139, "name": "MONTENEGRO", "iso_4217_alpha": "EUR", "iso_4217_numeric": 434, "iso2": "ME", "iso3": "MNE", "capital_city": "Podgorica", "telephone_calling_code": 382, "internet_domain_code": ".me", "continent_id": 4, "created_on": "2000-01-01 00:00:00", "updated_on": "2000-01-01 00:00:00", "datamode": "I"}}, {"model": "master_manager.country", "pk": 140, "fields": {"id": 140, "name": "NETHERLANDS", "iso_4217_alpha": "EUR", "iso_4217_numeric": 462, "iso2": "NL", "iso3": "NLD", "capital_city": "Amsterdam", "telephone_calling_code": 31, "internet_domain_code": ".nl", "continent_id": 4, "created_on": "2000-01-01 00:00:00", "updated_on": "2000-01-01 00:00:00", "datamode": "I"}}, {"model": "master_manager.country", "pk": 141, "fields": {"id": 141, "name": "NORWAY", "iso_4217_alpha": "NOK", "iso_4217_numeric": 578, "iso2": "NO", "iso3": "NOR", "capital_city": "Oslo", "telephone_calling_code": 47, "internet_domain_code": ".no", "continent_id": 4, "created_on": "2000-01-01 00:00:00", "updated_on": "2000-01-01 00:00:00", "datamode": "I"}}, {"model": "master_manager.country", "pk": 142, "fields": {"id": 142, "name": "POLAND", "iso_4217_alpha": "PLN", "iso_4217_numeric": 710, "iso2": "PL", "iso3": "POL", "capital_city": "Warsaw", "telephone_calling_code": 48, "internet_domain_code": ".pl", "continent_id": 4, "created_on": "2000-01-01 00:00:00", "updated_on": "2000-01-01 00:00:00", "datamode": "I"}}, {"model": "master_manager.country", "pk": 143, "fields": {"id": 143, "name": "PORTUGAL", "iso_4217_alpha": "EUR", "iso_4217_numeric": 36, "iso2": "PT", "iso3": "PRT", "capital_city": "Lisbon", "telephone_calling_code": 351, "internet_domain_code": ".pt", "continent_id": 4, "created_on": "2000-01-01 00:00:00", "updated_on": "2000-01-01 00:00:00", "datamode": "I"}}, {"model": "master_manager.country", "pk": 144, "fields": {"id": 144, "name": "ROMANIA", "iso_4217_alpha": "RON", "iso_4217_numeric": 554, "iso2": "RO", "iso3": "ROU", "capital_city": "Bucharest", "telephone_calling_code": 40, "internet_domain_code": ".ro", "continent_id": 4, "created_on": "2000-01-01 00:00:00", "updated_on": "2000-01-01 00:00:00", "datamode": "I"}}, {"model": "master_manager.country", "pk": 145, "fields": {"id": 145, "name": "SAN MARINO", "iso_4217_alpha": "EUR", "iso_4217_numeric": 978, "iso2": "SM", "iso3": "SMR", "capital_city": "San Marino", "telephone_calling_code": 378, "internet_domain_code": ".sm", "continent_id": 4, "created_on": "2000-01-01 00:00:00", "updated_on": "2000-01-01 00:00:00", "datamode": "I"}}, {"model": "master_manager.country", "pk": 146, "fields": {"id": 146, "name": "SERBIA", "iso_4217_alpha": "RSD", "iso_4217_numeric": 600, "iso2": "RS", "iso3": "SRB", "capital_city": "Belgrade", "telephone_calling_code": 381, "internet_domain_code": ".rs", "continent_id": 4, "created_on": "2000-01-01 00:00:00", "updated_on": "2000-01-01 00:00:00", "datamode": "I"}}, {"model": "master_manager.country", "pk": 147, "fields": {"id": 147, "name": "SLOVAKIA", "iso_4217_alpha": "EUR", "iso_4217_numeric": 978, "iso2": "SK", "iso3": "SVK", "capital_city": "Bratislava", "telephone_calling_code": 421, "internet_domain_code": ".sk", "continent_id": 4, "created_on": "2000-01-01 00:00:00", "updated_on": "2000-01-01 00:00:00", "datamode": "I"}}, {"model": "master_manager.country", "pk": 148, "fields": {"id": 148, "name": "SLOVENIA", "iso_4217_alpha": "EUR", "iso_4217_numeric": 978, "iso2": "SI", "iso3": "SVN", "capital_city": "Ljubljana", "telephone_calling_code": 386, "internet_domain_code": ".si", "continent_id": 4, "created_on": "2000-01-01 00:00:00", "updated_on": "2000-01-01 00:00:00", "datamode": "I"}}, {"model": "master_manager.country", "pk": 149, "fields": {"id": 149, "name": "SPAIN", "iso_4217_alpha": "EUR", "iso_4217_numeric": 978, "iso2": "ES", "iso3": "ESP", "capital_city": "Madrid", "telephone_calling_code": 34, "internet_domain_code": ".es", "continent_id": 4, "created_on": "2000-01-01 00:00:00", "updated_on": "2000-01-01 00:00:00", "datamode": "I"}}, {"model": "master_manager.country", "pk": 150, "fields": {"id": 150, "name": "SWEDEN", "iso_4217_alpha": "SEK", "iso_4217_numeric": 752, "iso2": "SE", "iso3": "SWE", "capital_city": "Stockholm", "telephone_calling_code": 46, "internet_domain_code": ".se", "continent_id": 4, "created_on": "2000-01-01 00:00:00", "updated_on": "2000-01-01 00:00:00", "datamode": "I"}}, {"model": "master_manager.country", "pk": 151, "fields": {"id": 151, "name": "SWITZERLAND", "iso_4217_alpha": "CHE", "iso_4217_numeric": 947, "iso2": "CH", "iso3": "CHE", "capital_city": "Bern", "telephone_calling_code": 41, "internet_domain_code": ".ch", "continent_id": 4, "created_on": "2000-01-01 00:00:00", "updated_on": "2000-01-01 00:00:00", "datamode": "I"}}, {"model": "master_manager.country", "pk": 152, "fields": {"id": 152, "name": "UKRAINE", "iso_4217_alpha": "UAH", "iso_4217_numeric": 980, "iso2": "UA", "iso3": "UKR", "capital_city": "Kyiv", "telephone_calling_code": 380, "internet_domain_code": ".ua", "continent_id": 4, "created_on": "2000-01-01 00:00:00", "updated_on": "2000-01-01 00:00:00", "datamode": "I"}}, {"model": "master_manager.country", "pk": 153, "fields": {"id": 153, "name": "UNITED KINGDOM", "iso_4217_alpha": "GBP", "iso_4217_numeric": 826, "iso2": "GB", "iso3": "GBR", "capital_city": "London", "telephone_calling_code": 44, "internet_domain_code": ".uk", "continent_id": 4, "created_on": "2000-01-01 00:00:00", "updated_on": "2000-01-01 00:00:00", "datamode": "I"}}, {"model": "master_manager.country", "pk": 154, "fields": {"id": 154, "name": "VATICAN ", "iso_4217_alpha": "UZS", "iso_4217_numeric": 860, "iso2": "VA", "iso3": "VAT", "capital_city": "Vatican", "telephone_calling_code": 379, "internet_domain_code": ".va", "continent_id": 4, "created_on": "2000-01-01 00:00:00", "updated_on": "2000-01-01 00:00:00", "datamode": "I"}}, {"model": "master_manager.country", "pk": 155, "fields": {"id": 155, "name": "ANTIGUA AND BARBUDA", "iso_4217_alpha": "XCD", "iso_4217_numeric": 951, "iso2": "AG", "iso3": "ATG", "capital_city": "Saint John's", "telephone_calling_code": 1268, "internet_domain_code": ".ag", "continent_id": 5, "created_on": "2000-01-01 00:00:00", "updated_on": "2000-01-01 00:00:00", "datamode": "I"}}, {"model": "master_manager.country", "pk": 156, "fields": {"id": 156, "name": "BAHAMAS", "iso_4217_alpha": "BSD", "iso_4217_numeric": 44, "iso2": "BS", "iso3": "BHS", "capital_city": "Nassau", "telephone_calling_code": 1242, "internet_domain_code": ".bs", "continent_id": 5, "created_on": "2000-01-01 00:00:00", "updated_on": "2000-01-01 00:00:00", "datamode": "I"}}, {"model": "master_manager.country", "pk": 157, "fields": {"id": 157, "name": "BARBADOS", "iso_4217_alpha": "BBD", "iso_4217_numeric": 52, "iso2": "BB", "iso3": "BRB", "capital_city": "Bridgetown", "telephone_calling_code": 1246, "internet_domain_code": ".bb", "continent_id": 5, "created_on": "2000-01-01 00:00:00", "updated_on": "2000-01-01 00:00:00", "datamode": "I"}}, {"model": "master_manager.country", "pk": 158, "fields": {"id": 158, "name": "BELIZE", "iso_4217_alpha": "BZD", "iso_4217_numeric": 84, "iso2": "BZ", "iso3": "BLZ", "capital_city": "Belmopan", "telephone_calling_code": 501, "internet_domain_code": ".bz", "continent_id": 5, "created_on": "2000-01-01 00:00:00", "updated_on": "2000-01-01 00:00:00", "datamode": "I"}}, {"model": "master_manager.country", "pk": 159, "fields": {"id": 159, "name": "CANADA", "iso_4217_alpha": "CAD", "iso_4217_numeric": 124, "iso2": "CA", "iso3": "CAN", "capital_city": "Ottawa", "telephone_calling_code": 1, "internet_domain_code": ".ca", "continent_id": 5, "created_on": "2000-01-01 00:00:00", "updated_on": "2000-01-01 00:00:00", "datamode": "I"}}, {"model": "master_manager.country", "pk": 160, "fields": {"id": 160, "name": "COSTA RICA", "iso_4217_alpha": "CRC", "iso_4217_numeric": 188, "iso2": "CR", "iso3": "CRI", "capital_city": "San Jose", "telephone_calling_code": 506, "internet_domain_code": ".cr", "continent_id": 5, "created_on": "2000-01-01 00:00:00", "updated_on": "2000-01-01 00:00:00", "datamode": "I"}}, {"model": "master_manager.country", "pk": 161, "fields": {"id": 161, "name": "CUBA", "iso_4217_alpha": "CUC", "iso_4217_numeric": 931, "iso2": "CU", "iso3": "CUB", "capital_city": "Havana", "telephone_calling_code": 53, "internet_domain_code": ".cu", "continent_id": 5, "created_on": "2000-01-01 00:00:00", "updated_on": "2000-01-01 00:00:00", "datamode": "I"}}, {"model": "master_manager.country", "pk": 162, "fields": {"id": 162, "name": "DOMINICAN REPUBLIC", "iso_4217_alpha": "DOP", "iso_4217_numeric": 214, "iso2": "DO", "iso3": "DOM", "capital_city": "Santo Domingo", "telephone_calling_code": 1767, "internet_domain_code": ".dm", "continent_id": 5, "created_on": "2000-01-01 00:00:00", "updated_on": "2000-01-01 00:00:00", "datamode": "I"}}, {"model": "master_manager.country", "pk": 163, "fields": {"id": 163, "name": "EL SALVADOR", "iso_4217_alpha": "USD", "iso_4217_numeric": 840, "iso2": "SV", "iso3": "SLV", "capital_city": "San Salvador", "telephone_calling_code": 503, "internet_domain_code": ".sv", "continent_id": 5, "created_on": "2000-01-01 00:00:00", "updated_on": "2000-01-01 00:00:00", "datamode": "I"}}, {"model": "master_manager.country", "pk": 164, "fields": {"id": 164, "name": "GRENADA", "iso_4217_alpha": "EUR", "iso_4217_numeric": 978, "iso2": "GD", "iso3": "GRD", "capital_city": "Saint George's", "telephone_calling_code": 1473, "internet_domain_code": ".gd", "continent_id": 5, "created_on": "2000-01-01 00:00:00", "updated_on": "2000-01-01 00:00:00", "datamode": "I"}}, {"model": "master_manager.country", "pk": 165, "fields": {"id": 165, "name": "GUATEMALA", "iso_4217_alpha": "GTQ", "iso_4217_numeric": 320, "iso2": "GT", "iso3": "GTM", "capital_city": "Guatemala City", "telephone_calling_code": 502, "internet_domain_code": ".gt", "continent_id": 5, "created_on": "2000-01-01 00:00:00", "updated_on": "2000-01-01 00:00:00", "datamode": "I"}}, {"model": "master_manager.country", "pk": 166, "fields": {"id": 166, "name": "HAITI", "iso_4217_alpha": "USD", "iso_4217_numeric": 840, "iso2": "HT", "iso3": "HTI", "capital_city": "Port-au-Prince", "telephone_calling_code": 509, "internet_domain_code": ".ht", "continent_id": 5, "created_on": "2000-01-01 00:00:00", "updated_on": "2000-01-01 00:00:00", "datamode": "I"}}, {"model": "master_manager.country", "pk": 167, "fields": {"id": 167, "name": "HONDURAS", "iso_4217_alpha": "HNL", "iso_4217_numeric": 340, "iso2": "HN", "iso3": "HND", "capital_city": "Tegucigalpa", "telephone_calling_code": 504, "internet_domain_code": ".hn", "continent_id": 5, "created_on": "2000-01-01 00:00:00", "updated_on": "2000-01-01 00:00:00", "datamode": "I"}}, {"model": "master_manager.country", "pk": 168, "fields": {"id": 168, "name": "JAMAICA", "iso_4217_alpha": "JMD", "iso_4217_numeric": 388, "iso2": "JM", "iso3": "JAM", "capital_city": "Kingston", "telephone_calling_code": 1876, "internet_domain_code": ".jm", "continent_id": 5, "created_on": "2000-01-01 00:00:00", "updated_on": "2000-01-01 00:00:00", "datamode": "I"}}, {"model": "master_manager.country", "pk": 169, "fields": {"id": 169, "name": "MEXICO", "iso_4217_alpha": "MXN", "iso_4217_numeric": 418, "iso2": "MX", "iso3": "MEX", "capital_city": "Mexico", "telephone_calling_code": 52, "internet_domain_code": ".fm", "continent_id": 5, "created_on": "2000-01-01 00:00:00", "updated_on": "2000-01-01 00:00:00", "datamode": "I"}}, {"model": "master_manager.country", "pk": 170, "fields": {"id": 170, "name": "NICARAGUA", "iso_4217_alpha": "NIO", "iso_4217_numeric": 840, "iso2": "NI", "iso3": "NIC", "capital_city": "Managua", "telephone_calling_code": 505, "internet_domain_code": ".ni", "continent_id": 5, "created_on": "2000-01-01 00:00:00", "updated_on": "2000-01-01 00:00:00", "datamode": "I"}}, {"model": "master_manager.country", "pk": 171, "fields": {"id": 171, "name": "PANAMA", "iso_4217_alpha": "USD", "iso_4217_numeric": 978, "iso2": "PA", "iso3": "PAN", "capital_city": "Panama City", "telephone_calling_code": 507, "internet_domain_code": ".pa", "continent_id": 5, "created_on": "2000-01-01 00:00:00", "updated_on": "2000-01-01 00:00:00", "datamode": "I"}}, {"model": "master_manager.country", "pk": 172, "fields": {"id": 172, "name": "SAINT KITTS AND NEVIS", "iso_4217_alpha": "XCD", "iso_4217_numeric": 36, "iso2": "KN", "iso3": "KNA", "capital_city": "Basseterre", "telephone_calling_code": 1869, "internet_domain_code": ".kn", "continent_id": 5, "created_on": "2000-01-01 00:00:00", "updated_on": "2000-01-01 00:00:00", "datamode": "I"}}, {"model": "master_manager.country", "pk": 173, "fields": {"id": 173, "name": "SAINT LUCIA", "iso_4217_alpha": "XCD", "iso_4217_numeric": 840, "iso2": "LC", "iso3": "LCA", "capital_city": "Castries", "telephone_calling_code": 1758, "internet_domain_code": ".lc", "continent_id": 5, "created_on": "2000-01-01 00:00:00", "updated_on": "2000-01-01 00:00:00", "datamode": "I"}}, {"model": "master_manager.country", "pk": 174, "fields": {"id": 174, "name": "SAINT VINCENT AND THE GRENADINES", "iso_4217_alpha": "XCD", "iso_4217_numeric": 586, "iso2": "VC", "iso3": "VCT", "capital_city": "Kingstown", "telephone_calling_code": 1784, "internet_domain_code": ".vc", "continent_id": 5, "created_on": "2000-01-01 00:00:00", "updated_on": "2000-01-01 00:00:00", "datamode": "I"}}, {"model": "master_manager.country", "pk": 175, "fields": {"id": 175, "name": "TRINIDAD AND TOBAGO", "iso_4217_alpha": "TTD", "iso_4217_numeric": 780, "iso2": "TT", "iso3": "TTO", "capital_city": "Port of Spain", "telephone_calling_code": 1868, "internet_domain_code": ".tt", "continent_id": 5, "created_on": "2000-01-01 00:00:00", "updated_on": "2000-01-01 00:00:00", "datamode": "I"}}, {"model": "master_manager.country", "pk": 176, "fields": {"id": 176, "name": "UNITED STATES OF AMERICA", "iso_4217_alpha": "USD", "iso_4217_numeric": 840, "iso2": "US", "iso3": "USA", "capital_city": "Washington D.C.", "telephone_calling_code": 1, "internet_domain_code": ".us", "continent_id": 5, "created_on": "2000-01-01 00:00:00", "updated_on": "2000-01-01 00:00:00", "datamode": "I"}}, {"model": "master_manager.country", "pk": 177, "fields": {"id": 177, "name": "ARGENTINA", "iso_4217_alpha": "ARS", "iso_4217_numeric": 32, "iso2": "AR", "iso3": "ARG", "capital_city": "Buenos Aires", "telephone_calling_code": 54, "internet_domain_code": ".ar", "continent_id": 6, "created_on": "2000-01-01 00:00:00", "updated_on": "2000-01-01 00:00:00", "datamode": "I"}}, {"model": "master_manager.country", "pk": 178, "fields": {"id": 178, "name": "BOLIVIA", "iso_4217_alpha": "BOB", "iso_4217_numeric": 68, "iso2": "BO", "iso3": "BOL", "capital_city": "Sucre", "telephone_calling_code": 591, "internet_domain_code": ".bo", "continent_id": 6, "created_on": "2000-01-01 00:00:00", "updated_on": "2000-01-01 00:00:00", "datamode": "I"}}, {"model": "master_manager.country", "pk": 179, "fields": {"id": 179, "name": "BRAZIL", "iso_4217_alpha": "BRL", "iso_4217_numeric": 986, "iso2": "BR", "iso3": "BRA", "capital_city": "Brasilia", "telephone_calling_code": 55, "internet_domain_code": ".br", "continent_id": 6, "created_on": "2000-01-01 00:00:00", "updated_on": "2000-01-01 00:00:00", "datamode": "I"}}, {"model": "master_manager.country", "pk": 180, "fields": {"id": 180, "name": "CHILE", "iso_4217_alpha": "CLF", "iso_4217_numeric": 990, "iso2": "CL", "iso3": "CHL", "capital_city": "Santiago", "telephone_calling_code": 56, "internet_domain_code": ".cl", "continent_id": 6, "created_on": "2000-01-01 00:00:00", "updated_on": "2000-01-01 00:00:00", "datamode": "I"}}, {"model": "master_manager.country", "pk": 181, "fields": {"id": 181, "name": "COLOMBIA", "iso_4217_alpha": "COP", "iso_4217_numeric": 170, "iso2": "CO", "iso3": "COL", "capital_city": "Bogot\u00e1", "telephone_calling_code": 57, "internet_domain_code": ".co", "continent_id": 6, "created_on": "2000-01-01 00:00:00", "updated_on": "2000-01-01 00:00:00", "datamode": "I"}}, {"model": "master_manager.country", "pk": 182, "fields": {"id": 182, "name": "EGYPT", "iso_4217_alpha": "EGP", "iso_4217_numeric": 818, "iso2": "EG", "iso3": "EGY", "capital_city": "Cairo", "telephone_calling_code": 593, "internet_domain_code": ".ec", "continent_id": 6, "created_on": "2000-01-01 00:00:00", "updated_on": "2000-01-01 00:00:00", "datamode": "I"}}, {"model": "master_manager.country", "pk": 183, "fields": {"id": 183, "name": "GUYANA", "iso_4217_alpha": "GYD", "iso_4217_numeric": 328, "iso2": "GY", "iso3": "GUY", "capital_city": "Georgetown", "telephone_calling_code": 592, "internet_domain_code": ".gy", "continent_id": 6, "created_on": "2000-01-01 00:00:00", "updated_on": "2000-01-01 00:00:00", "datamode": "I"}}, {"model": "master_manager.country", "pk": 184, "fields": {"id": 184, "name": "PARAGUAY", "iso_4217_alpha": "PYG", "iso_4217_numeric": 504, "iso2": "PY", "iso3": "PRY", "capital_city": "Asunci\u00f3n", "telephone_calling_code": 595, "internet_domain_code": ".py", "continent_id": 6, "created_on": "2000-01-01 00:00:00", "updated_on": "2000-01-01 00:00:00", "datamode": "I"}}, {"model": "master_manager.country", "pk": 185, "fields": {"id": 185, "name": "PERU", "iso_4217_alpha": "PEN", "iso_4217_numeric": 943, "iso2": "PE", "iso3": "PER", "capital_city": "Lima", "telephone_calling_code": 51, "internet_domain_code": ".pe", "continent_id": 6, "created_on": "2000-01-01 00:00:00", "updated_on": "2000-01-01 00:00:00", "datamode": "I"}}, {"model": "master_manager.country", "pk": 186, "fields": {"id": 186, "name": "SURINAME", "iso_4217_alpha": "SRD", "iso_4217_numeric": 968, "iso2": "SR", "iso3": "SUR", "capital_city": "Paramaribo", "telephone_calling_code": 597, "internet_domain_code": ".sr", "continent_id": 6, "created_on": "2000-01-01 00:00:00", "updated_on": "2000-01-01 00:00:00", "datamode": "I"}}, {"model": "master_manager.country", "pk": 187, "fields": {"id": 187, "name": "URUGUAY", "iso_4217_alpha": "UYI", "iso_4217_numeric": 940, "iso2": "UY", "iso3": "URY", "capital_city": "Montevideo", "telephone_calling_code": 598, "internet_domain_code": ".uy", "continent_id": 6, "created_on": "2000-01-01 00:00:00", "updated_on": "2000-01-01 00:00:00", "datamode": "I"}}, {"model": "master_manager.country", "pk": 188, "fields": {"id": 188, "name": "VENEZUELA", "iso_4217_alpha": "VEF", "iso_4217_numeric": 937, "iso2": "VE", "iso3": "VEN", "capital_city": "Caracas", "telephone_calling_code": 58, "internet_domain_code": ".ve", "continent_id": 6, "created_on": "2000-01-01 00:00:00", "updated_on": "2000-01-01 00:00:00", "datamode": "I"}}, {"model": "master_manager.country", "pk": 189, "fields": {"id": 189, "name": "ECUADOR", "iso_4217_alpha": "USD", "iso_4217_numeric": 840, "iso2": "EC", "iso3": "ECU", "capital_city": "Quito", "telephone_calling_code": 593, "internet_domain_code": ".ec", "continent_id": 6, "created_on": "2000-01-01 00:00:00", "updated_on": "2000-01-01 00:00:00", "datamode": "I"}}]