[{"model": "master_manager.cregion", "pk": 1, "fields": {"name": "Africa", "country_id": 1, "created_on": "2000-01-01 00:00:00", "updated_on": "2000-01-01 00:00:00", "datamode": "A"}}, {"model": "master_manager.cregion", "pk": 2, "fields": {"name": "Africa", "country_id": 2, "created_on": "2000-01-01 00:00:00", "updated_on": "2000-01-01 00:00:00", "datamode": "A"}}, {"model": "master_manager.cregion", "pk": 3, "fields": {"name": "Africa", "country_id": 3, "created_on": "2000-01-01 00:00:00", "updated_on": "2000-01-01 00:00:00", "datamode": "A"}}, {"model": "master_manager.cregion", "pk": 4, "fields": {"name": "Africa", "country_id": 4, "created_on": "2000-01-01 00:00:00", "updated_on": "2000-01-01 00:00:00", "datamode": "A"}}, {"model": "master_manager.cregion", "pk": 5, "fields": {"name": "Africa", "country_id": 5, "created_on": "2000-01-01 00:00:00", "updated_on": "2000-01-01 00:00:00", "datamode": "A"}}, {"model": "master_manager.cregion", "pk": 6, "fields": {"name": "Africa", "country_id": 6, "created_on": "2000-01-01 00:00:00", "updated_on": "2000-01-01 00:00:00", "datamode": "A"}}, {"model": "master_manager.cregion", "pk": 7, "fields": {"name": "Africa", "country_id": 7, "created_on": "2000-01-01 00:00:00", "updated_on": "2000-01-01 00:00:00", "datamode": "A"}}, {"model": "master_manager.cregion", "pk": 8, "fields": {"name": "Africa", "country_id": 8, "created_on": "2000-01-01 00:00:00", "updated_on": "2000-01-01 00:00:00", "datamode": "A"}}, {"model": "master_manager.cregion", "pk": 9, "fields": {"name": "Africa", "country_id": 9, "created_on": "2000-01-01 00:00:00", "updated_on": "2000-01-01 00:00:00", "datamode": "A"}}, {"model": "master_manager.cregion", "pk": 10, "fields": {"name": "Africa", "country_id": 10, "created_on": "2000-01-01 00:00:00", "updated_on": "2000-01-01 00:00:00", "datamode": "A"}}, {"model": "master_manager.cregion", "pk": 11, "fields": {"name": "Africa", "country_id": 11, "created_on": "2000-01-01 00:00:00", "updated_on": "2000-01-01 00:00:00", "datamode": "A"}}, {"model": "master_manager.cregion", "pk": 12, "fields": {"name": "Africa", "country_id": 12, "created_on": "2000-01-01 00:00:00", "updated_on": "2000-01-01 00:00:00", "datamode": "A"}}, {"model": "master_manager.cregion", "pk": 13, "fields": {"name": "Africa", "country_id": 13, "created_on": "2000-01-01 00:00:00", "updated_on": "2000-01-01 00:00:00", "datamode": "A"}}, {"model": "master_manager.cregion", "pk": 14, "fields": {"name": "Africa", "country_id": 14, "created_on": "2000-01-01 00:00:00", "updated_on": "2000-01-01 00:00:00", "datamode": "A"}}, {"model": "master_manager.cregion", "pk": 15, "fields": {"name": "Africa", "country_id": 15, "created_on": "2000-01-01 00:00:00", "updated_on": "2000-01-01 00:00:00", "datamode": "A"}}, {"model": "master_manager.cregion", "pk": 16, "fields": {"name": "Africa", "country_id": 16, "created_on": "2000-01-01 00:00:00", "updated_on": "2000-01-01 00:00:00", "datamode": "A"}}, {"model": "master_manager.cregion", "pk": 17, "fields": {"name": "Africa", "country_id": 17, "created_on": "2000-01-01 00:00:00", "updated_on": "2000-01-01 00:00:00", "datamode": "A"}}, {"model": "master_manager.cregion", "pk": 18, "fields": {"name": "Africa", "country_id": 18, "created_on": "2000-01-01 00:00:00", "updated_on": "2000-01-01 00:00:00", "datamode": "A"}}, {"model": "master_manager.cregion", "pk": 19, "fields": {"name": "Africa", "country_id": 19, "created_on": "2000-01-01 00:00:00", "updated_on": "2000-01-01 00:00:00", "datamode": "A"}}, {"model": "master_manager.cregion", "pk": 20, "fields": {"name": "Africa", "country_id": 20, "created_on": "2000-01-01 00:00:00", "updated_on": "2000-01-01 00:00:00", "datamode": "A"}}, {"model": "master_manager.cregion", "pk": 21, "fields": {"name": "Africa", "country_id": 21, "created_on": "2000-01-01 00:00:00", "updated_on": "2000-01-01 00:00:00", "datamode": "A"}}, {"model": "master_manager.cregion", "pk": 22, "fields": {"name": "Africa", "country_id": 22, "created_on": "2000-01-01 00:00:00", "updated_on": "2000-01-01 00:00:00", "datamode": "A"}}, {"model": "master_manager.cregion", "pk": 23, "fields": {"name": "Africa", "country_id": 23, "created_on": "2000-01-01 00:00:00", "updated_on": "2000-01-01 00:00:00", "datamode": "A"}}, {"model": "master_manager.cregion", "pk": 24, "fields": {"name": "Africa", "country_id": 24, "created_on": "2000-01-01 00:00:00", "updated_on": "2000-01-01 00:00:00", "datamode": "A"}}, {"model": "master_manager.cregion", "pk": 25, "fields": {"name": "Africa", "country_id": 25, "created_on": "2000-01-01 00:00:00", "updated_on": "2000-01-01 00:00:00", "datamode": "A"}}, {"model": "master_manager.cregion", "pk": 26, "fields": {"name": "Africa", "country_id": 26, "created_on": "2000-01-01 00:00:00", "updated_on": "2000-01-01 00:00:00", "datamode": "A"}}, {"model": "master_manager.cregion", "pk": 27, "fields": {"name": "Africa", "country_id": 27, "created_on": "2000-01-01 00:00:00", "updated_on": "2000-01-01 00:00:00", "datamode": "A"}}, {"model": "master_manager.cregion", "pk": 28, "fields": {"name": "Africa", "country_id": 28, "created_on": "2000-01-01 00:00:00", "updated_on": "2000-01-01 00:00:00", "datamode": "A"}}, {"model": "master_manager.cregion", "pk": 29, "fields": {"name": "Africa", "country_id": 29, "created_on": "2000-01-01 00:00:00", "updated_on": "2000-01-01 00:00:00", "datamode": "A"}}, {"model": "master_manager.cregion", "pk": 30, "fields": {"name": "Africa", "country_id": 30, "created_on": "2000-01-01 00:00:00", "updated_on": "2000-01-01 00:00:00", "datamode": "A"}}, {"model": "master_manager.cregion", "pk": 31, "fields": {"name": "Africa", "country_id": 31, "created_on": "2000-01-01 00:00:00", "updated_on": "2000-01-01 00:00:00", "datamode": "A"}}, {"model": "master_manager.cregion", "pk": 32, "fields": {"name": "Africa", "country_id": 32, "created_on": "2000-01-01 00:00:00", "updated_on": "2000-01-01 00:00:00", "datamode": "A"}}, {"model": "master_manager.cregion", "pk": 33, "fields": {"name": "Africa", "country_id": 33, "created_on": "2000-01-01 00:00:00", "updated_on": "2000-01-01 00:00:00", "datamode": "A"}}, {"model": "master_manager.cregion", "pk": 34, "fields": {"name": "Africa", "country_id": 34, "created_on": "2000-01-01 00:00:00", "updated_on": "2000-01-01 00:00:00", "datamode": "A"}}, {"model": "master_manager.cregion", "pk": 35, "fields": {"name": "Africa", "country_id": 35, "created_on": "2000-01-01 00:00:00", "updated_on": "2000-01-01 00:00:00", "datamode": "A"}}, {"model": "master_manager.cregion", "pk": 36, "fields": {"name": "Africa", "country_id": 36, "created_on": "2000-01-01 00:00:00", "updated_on": "2000-01-01 00:00:00", "datamode": "A"}}, {"model": "master_manager.cregion", "pk": 37, "fields": {"name": "Africa", "country_id": 37, "created_on": "2000-01-01 00:00:00", "updated_on": "2000-01-01 00:00:00", "datamode": "A"}}, {"model": "master_manager.cregion", "pk": 38, "fields": {"name": "Africa", "country_id": 38, "created_on": "2000-01-01 00:00:00", "updated_on": "2000-01-01 00:00:00", "datamode": "A"}}, {"model": "master_manager.cregion", "pk": 39, "fields": {"name": "Africa", "country_id": 39, "created_on": "2000-01-01 00:00:00", "updated_on": "2000-01-01 00:00:00", "datamode": "A"}}, {"model": "master_manager.cregion", "pk": 40, "fields": {"name": "Africa", "country_id": 40, "created_on": "2000-01-01 00:00:00", "updated_on": "2000-01-01 00:00:00", "datamode": "A"}}, {"model": "master_manager.cregion", "pk": 41, "fields": {"name": "Africa", "country_id": 41, "created_on": "2000-01-01 00:00:00", "updated_on": "2000-01-01 00:00:00", "datamode": "A"}}, {"model": "master_manager.cregion", "pk": 42, "fields": {"name": "Africa", "country_id": 42, "created_on": "2000-01-01 00:00:00", "updated_on": "2000-01-01 00:00:00", "datamode": "A"}}, {"model": "master_manager.cregion", "pk": 43, "fields": {"name": "Africa", "country_id": 43, "created_on": "2000-01-01 00:00:00", "updated_on": "2000-01-01 00:00:00", "datamode": "A"}}, {"model": "master_manager.cregion", "pk": 44, "fields": {"name": "Africa", "country_id": 44, "created_on": "2000-01-01 00:00:00", "updated_on": "2000-01-01 00:00:00", "datamode": "A"}}, {"model": "master_manager.cregion", "pk": 45, "fields": {"name": "Africa", "country_id": 45, "created_on": "2000-01-01 00:00:00", "updated_on": "2000-01-01 00:00:00", "datamode": "A"}}, {"model": "master_manager.cregion", "pk": 46, "fields": {"name": "Africa", "country_id": 46, "created_on": "2000-01-01 00:00:00", "updated_on": "2000-01-01 00:00:00", "datamode": "A"}}, {"model": "master_manager.cregion", "pk": 47, "fields": {"name": "Africa", "country_id": 47, "created_on": "2000-01-01 00:00:00", "updated_on": "2000-01-01 00:00:00", "datamode": "A"}}, {"model": "master_manager.cregion", "pk": 48, "fields": {"name": "Africa", "country_id": 48, "created_on": "2000-01-01 00:00:00", "updated_on": "2000-01-01 00:00:00", "datamode": "A"}}, {"model": "master_manager.cregion", "pk": 49, "fields": {"name": "Africa", "country_id": 49, "created_on": "2000-01-01 00:00:00", "updated_on": "2000-01-01 00:00:00", "datamode": "A"}}, {"model": "master_manager.cregion", "pk": 50, "fields": {"name": "Africa", "country_id": 50, "created_on": "2000-01-01 00:00:00", "updated_on": "2000-01-01 00:00:00", "datamode": "A"}}, {"model": "master_manager.cregion", "pk": 51, "fields": {"name": "Africa", "country_id": 51, "created_on": "2000-01-01 00:00:00", "updated_on": "2000-01-01 00:00:00", "datamode": "A"}}, {"model": "master_manager.cregion", "pk": 52, "fields": {"name": "Africa", "country_id": 52, "created_on": "2000-01-01 00:00:00", "updated_on": "2000-01-01 00:00:00", "datamode": "A"}}, {"model": "master_manager.cregion", "pk": 53, "fields": {"name": "Africa", "country_id": 53, "created_on": "2000-01-01 00:00:00", "updated_on": "2000-01-01 00:00:00", "datamode": "A"}}, {"model": "master_manager.cregion", "pk": 54, "fields": {"name": "Americas", "country_id": 155, "created_on": "2000-01-01 00:00:00", "updated_on": "2000-01-01 00:00:00", "datamode": "A"}}, {"model": "master_manager.cregion", "pk": 55, "fields": {"name": "Americas", "country_id": 156, "created_on": "2000-01-01 00:00:00", "updated_on": "2000-01-01 00:00:00", "datamode": "A"}}, {"model": "master_manager.cregion", "pk": 56, "fields": {"name": "Americas", "country_id": 157, "created_on": "2000-01-01 00:00:00", "updated_on": "2000-01-01 00:00:00", "datamode": "A"}}, {"model": "master_manager.cregion", "pk": 57, "fields": {"name": "Americas", "country_id": 158, "created_on": "2000-01-01 00:00:00", "updated_on": "2000-01-01 00:00:00", "datamode": "A"}}, {"model": "master_manager.cregion", "pk": 58, "fields": {"name": "Americas", "country_id": 159, "created_on": "2000-01-01 00:00:00", "updated_on": "2000-01-01 00:00:00", "datamode": "A"}}, {"model": "master_manager.cregion", "pk": 59, "fields": {"name": "Americas", "country_id": 160, "created_on": "2000-01-01 00:00:00", "updated_on": "2000-01-01 00:00:00", "datamode": "A"}}, {"model": "master_manager.cregion", "pk": 60, "fields": {"name": "Americas", "country_id": 161, "created_on": "2000-01-01 00:00:00", "updated_on": "2000-01-01 00:00:00", "datamode": "A"}}, {"model": "master_manager.cregion", "pk": 61, "fields": {"name": "Americas", "country_id": 162, "created_on": "2000-01-01 00:00:00", "updated_on": "2000-01-01 00:00:00", "datamode": "A"}}, {"model": "master_manager.cregion", "pk": 62, "fields": {"name": "Americas", "country_id": 163, "created_on": "2000-01-01 00:00:00", "updated_on": "2000-01-01 00:00:00", "datamode": "A"}}, {"model": "master_manager.cregion", "pk": 63, "fields": {"name": "Americas", "country_id": 164, "created_on": "2000-01-01 00:00:00", "updated_on": "2000-01-01 00:00:00", "datamode": "A"}}, {"model": "master_manager.cregion", "pk": 64, "fields": {"name": "Americas", "country_id": 165, "created_on": "2000-01-01 00:00:00", "updated_on": "2000-01-01 00:00:00", "datamode": "A"}}, {"model": "master_manager.cregion", "pk": 65, "fields": {"name": "Americas", "country_id": 166, "created_on": "2000-01-01 00:00:00", "updated_on": "2000-01-01 00:00:00", "datamode": "A"}}, {"model": "master_manager.cregion", "pk": 66, "fields": {"name": "Americas", "country_id": 167, "created_on": "2000-01-01 00:00:00", "updated_on": "2000-01-01 00:00:00", "datamode": "A"}}, {"model": "master_manager.cregion", "pk": 67, "fields": {"name": "Americas", "country_id": 168, "created_on": "2000-01-01 00:00:00", "updated_on": "2000-01-01 00:00:00", "datamode": "A"}}, {"model": "master_manager.cregion", "pk": 68, "fields": {"name": "Americas", "country_id": 169, "created_on": "2000-01-01 00:00:00", "updated_on": "2000-01-01 00:00:00", "datamode": "A"}}, {"model": "master_manager.cregion", "pk": 69, "fields": {"name": "Americas", "country_id": 170, "created_on": "2000-01-01 00:00:00", "updated_on": "2000-01-01 00:00:00", "datamode": "A"}}, {"model": "master_manager.cregion", "pk": 70, "fields": {"name": "Americas", "country_id": 171, "created_on": "2000-01-01 00:00:00", "updated_on": "2000-01-01 00:00:00", "datamode": "A"}}, {"model": "master_manager.cregion", "pk": 71, "fields": {"name": "Americas", "country_id": 172, "created_on": "2000-01-01 00:00:00", "updated_on": "2000-01-01 00:00:00", "datamode": "A"}}, {"model": "master_manager.cregion", "pk": 72, "fields": {"name": "Americas", "country_id": 173, "created_on": "2000-01-01 00:00:00", "updated_on": "2000-01-01 00:00:00", "datamode": "A"}}, {"model": "master_manager.cregion", "pk": 73, "fields": {"name": "Americas", "country_id": 174, "created_on": "2000-01-01 00:00:00", "updated_on": "2000-01-01 00:00:00", "datamode": "A"}}, {"model": "master_manager.cregion", "pk": 74, "fields": {"name": "Americas", "country_id": 175, "created_on": "2000-01-01 00:00:00", "updated_on": "2000-01-01 00:00:00", "datamode": "A"}}, {"model": "master_manager.cregion", "pk": 75, "fields": {"name": "Americas", "country_id": 176, "created_on": "2000-01-01 00:00:00", "updated_on": "2000-01-01 00:00:00", "datamode": "A"}}, {"model": "master_manager.cregion", "pk": 76, "fields": {"name": "Americas", "country_id": 177, "created_on": "2000-01-01 00:00:00", "updated_on": "2000-01-01 00:00:00", "datamode": "A"}}, {"model": "master_manager.cregion", "pk": 77, "fields": {"name": "Americas", "country_id": 178, "created_on": "2000-01-01 00:00:00", "updated_on": "2000-01-01 00:00:00", "datamode": "A"}}, {"model": "master_manager.cregion", "pk": 78, "fields": {"name": "Americas", "country_id": 179, "created_on": "2000-01-01 00:00:00", "updated_on": "2000-01-01 00:00:00", "datamode": "A"}}, {"model": "master_manager.cregion", "pk": 79, "fields": {"name": "Americas", "country_id": 180, "created_on": "2000-01-01 00:00:00", "updated_on": "2000-01-01 00:00:00", "datamode": "A"}}, {"model": "master_manager.cregion", "pk": 80, "fields": {"name": "Americas", "country_id": 181, "created_on": "2000-01-01 00:00:00", "updated_on": "2000-01-01 00:00:00", "datamode": "A"}}, {"model": "master_manager.cregion", "pk": 81, "fields": {"name": "Americas", "country_id": 182, "created_on": "2000-01-01 00:00:00", "updated_on": "2000-01-01 00:00:00", "datamode": "A"}}, {"model": "master_manager.cregion", "pk": 82, "fields": {"name": "Americas", "country_id": 183, "created_on": "2000-01-01 00:00:00", "updated_on": "2000-01-01 00:00:00", "datamode": "A"}}, {"model": "master_manager.cregion", "pk": 83, "fields": {"name": "Americas", "country_id": 184, "created_on": "2000-01-01 00:00:00", "updated_on": "2000-01-01 00:00:00", "datamode": "A"}}, {"model": "master_manager.cregion", "pk": 84, "fields": {"name": "Americas", "country_id": 185, "created_on": "2000-01-01 00:00:00", "updated_on": "2000-01-01 00:00:00", "datamode": "A"}}, {"model": "master_manager.cregion", "pk": 85, "fields": {"name": "Americas", "country_id": 186, "created_on": "2000-01-01 00:00:00", "updated_on": "2000-01-01 00:00:00", "datamode": "A"}}, {"model": "master_manager.cregion", "pk": 86, "fields": {"name": "Americas", "country_id": 187, "created_on": "2000-01-01 00:00:00", "updated_on": "2000-01-01 00:00:00", "datamode": "A"}}, {"model": "master_manager.cregion", "pk": 87, "fields": {"name": "Americas", "country_id": 188, "created_on": "2000-01-01 00:00:00", "updated_on": "2000-01-01 00:00:00", "datamode": "A"}}, {"model": "master_manager.cregion", "pk": 88, "fields": {"name": "Americas", "country_id": 189, "created_on": "2000-01-01 00:00:00", "updated_on": "2000-01-01 00:00:00", "datamode": "A"}}, {"model": "master_manager.cregion", "pk": 89, "fields": {"name": "Arab States", "country_id": 57, "created_on": "2000-01-01 00:00:00", "updated_on": "2000-01-01 00:00:00", "datamode": "A"}}, {"model": "master_manager.cregion", "pk": 90, "fields": {"name": "Arab States", "country_id": 68, "created_on": "2000-01-01 00:00:00", "updated_on": "2000-01-01 00:00:00", "datamode": "A"}}, {"model": "master_manager.cregion", "pk": 91, "fields": {"name": "Arab States", "country_id": 71, "created_on": "2000-01-01 00:00:00", "updated_on": "2000-01-01 00:00:00", "datamode": "A"}}, {"model": "master_manager.cregion", "pk": 92, "fields": {"name": "Arab States", "country_id": 73, "created_on": "2000-01-01 00:00:00", "updated_on": "2000-01-01 00:00:00", "datamode": "A"}}, {"model": "master_manager.cregion", "pk": 93, "fields": {"name": "Arab States", "country_id": 76, "created_on": "2000-01-01 00:00:00", "updated_on": "2000-01-01 00:00:00", "datamode": "A"}}, {"model": "master_manager.cregion", "pk": 94, "fields": {"name": "Arab States", "country_id": 83, "created_on": "2000-01-01 00:00:00", "updated_on": "2000-01-01 00:00:00", "datamode": "A"}}, {"model": "master_manager.cregion", "pk": 95, "fields": {"name": "Arab States", "country_id": 87, "created_on": "2000-01-01 00:00:00", "updated_on": "2000-01-01 00:00:00", "datamode": "A"}}, {"model": "master_manager.cregion", "pk": 96, "fields": {"name": "Arab States", "country_id": 89, "created_on": "2000-01-01 00:00:00", "updated_on": "2000-01-01 00:00:00", "datamode": "A"}}, {"model": "master_manager.cregion", "pk": 97, "fields": {"name": "Arab States", "country_id": 93, "created_on": "2000-01-01 00:00:00", "updated_on": "2000-01-01 00:00:00", "datamode": "A"}}, {"model": "master_manager.cregion", "pk": 98, "fields": {"name": "Arab States", "country_id": 100, "created_on": "2000-01-01 00:00:00", "updated_on": "2000-01-01 00:00:00", "datamode": "A"}}, {"model": "master_manager.cregion", "pk": 99, "fields": {"name": "Arab States", "country_id": 103, "created_on": "2000-01-01 00:00:00", "updated_on": "2000-01-01 00:00:00", "datamode": "A"}}, {"model": "master_manager.cregion", "pk": 100, "fields": {"name": "Asia and the Pacific", "country_id": 54, "created_on": "2000-01-01 00:00:00", "updated_on": "2000-01-01 00:00:00", "datamode": "A"}}, {"model": "master_manager.cregion", "pk": 101, "fields": {"name": "Asia and the Pacific", "country_id": 55, "created_on": "2000-01-01 00:00:00", "updated_on": "2000-01-01 00:00:00", "datamode": "A"}}, {"model": "master_manager.cregion", "pk": 102, "fields": {"name": "Asia and the Pacific", "country_id": 56, "created_on": "2000-01-01 00:00:00", "updated_on": "2000-01-01 00:00:00", "datamode": "A"}}, {"model": "master_manager.cregion", "pk": 103, "fields": {"name": "Asia and the Pacific", "country_id": 58, "created_on": "2000-01-01 00:00:00", "updated_on": "2000-01-01 00:00:00", "datamode": "A"}}, {"model": "master_manager.cregion", "pk": 104, "fields": {"name": "Asia and the Pacific", "country_id": 59, "created_on": "2000-01-01 00:00:00", "updated_on": "2000-01-01 00:00:00", "datamode": "A"}}, {"model": "master_manager.cregion", "pk": 105, "fields": {"name": "Asia and the Pacific", "country_id": 60, "created_on": "2000-01-01 00:00:00", "updated_on": "2000-01-01 00:00:00", "datamode": "A"}}, {"model": "master_manager.cregion", "pk": 106, "fields": {"name": "Asia and the Pacific", "country_id": 61, "created_on": "2000-01-01 00:00:00", "updated_on": "2000-01-01 00:00:00", "datamode": "A"}}, {"model": "master_manager.cregion", "pk": 107, "fields": {"name": "Asia and the Pacific", "country_id": 62, "created_on": "2000-01-01 00:00:00", "updated_on": "2000-01-01 00:00:00", "datamode": "A"}}, {"model": "master_manager.cregion", "pk": 108, "fields": {"name": "Asia and the Pacific", "country_id": 63, "created_on": "2000-01-01 00:00:00", "updated_on": "2000-01-01 00:00:00", "datamode": "A"}}, {"model": "master_manager.cregion", "pk": 109, "fields": {"name": "Asia and the Pacific", "country_id": 64, "created_on": "2000-01-01 00:00:00", "updated_on": "2000-01-01 00:00:00", "datamode": "A"}}, {"model": "master_manager.cregion", "pk": 110, "fields": {"name": "Asia and the Pacific", "country_id": 65, "created_on": "2000-01-01 00:00:00", "updated_on": "2000-01-01 00:00:00", "datamode": "A"}}, {"model": "master_manager.cregion", "pk": 111, "fields": {"name": "Asia and the Pacific", "country_id": 66, "created_on": "2000-01-01 00:00:00", "updated_on": "2000-01-01 00:00:00", "datamode": "A"}}, {"model": "master_manager.cregion", "pk": 112, "fields": {"name": "Asia and the Pacific", "country_id": 67, "created_on": "2000-01-01 00:00:00", "updated_on": "2000-01-01 00:00:00", "datamode": "A"}}, {"model": "master_manager.cregion", "pk": 113, "fields": {"name": "Asia and the Pacific", "country_id": 69, "created_on": "2000-01-01 00:00:00", "updated_on": "2000-01-01 00:00:00", "datamode": "A"}}, {"model": "master_manager.cregion", "pk": 114, "fields": {"name": "Asia and the Pacific", "country_id": 70, "created_on": "2000-01-01 00:00:00", "updated_on": "2000-01-01 00:00:00", "datamode": "A"}}, {"model": "master_manager.cregion", "pk": 115, "fields": {"name": "Asia and the Pacific", "country_id": 72, "created_on": "2000-01-01 00:00:00", "updated_on": "2000-01-01 00:00:00", "datamode": "A"}}, {"model": "master_manager.cregion", "pk": 116, "fields": {"name": "Asia and the Pacific", "country_id": 74, "created_on": "2000-01-01 00:00:00", "updated_on": "2000-01-01 00:00:00", "datamode": "A"}}, {"model": "master_manager.cregion", "pk": 117, "fields": {"name": "Asia and the Pacific", "country_id": 75, "created_on": "2000-01-01 00:00:00", "updated_on": "2000-01-01 00:00:00", "datamode": "A"}}, {"model": "master_manager.cregion", "pk": 118, "fields": {"name": "Asia and the Pacific", "country_id": 77, "created_on": "2000-01-01 00:00:00", "updated_on": "2000-01-01 00:00:00", "datamode": "A"}}, {"model": "master_manager.cregion", "pk": 119, "fields": {"name": "Asia and the Pacific", "country_id": 78, "created_on": "2000-01-01 00:00:00", "updated_on": "2000-01-01 00:00:00", "datamode": "A"}}, {"model": "master_manager.cregion", "pk": 120, "fields": {"name": "Asia and the Pacific", "country_id": 79, "created_on": "2000-01-01 00:00:00", "updated_on": "2000-01-01 00:00:00", "datamode": "A"}}, {"model": "master_manager.cregion", "pk": 121, "fields": {"name": "Asia and the Pacific", "country_id": 80, "created_on": "2000-01-01 00:00:00", "updated_on": "2000-01-01 00:00:00", "datamode": "A"}}, {"model": "master_manager.cregion", "pk": 122, "fields": {"name": "Asia and the Pacific", "country_id": 81, "created_on": "2000-01-01 00:00:00", "updated_on": "2000-01-01 00:00:00", "datamode": "A"}}, {"model": "master_manager.cregion", "pk": 123, "fields": {"name": "Asia and the Pacific", "country_id": 82, "created_on": "2000-01-01 00:00:00", "updated_on": "2000-01-01 00:00:00", "datamode": "A"}}, {"model": "master_manager.cregion", "pk": 124, "fields": {"name": "Asia and the Pacific", "country_id": 84, "created_on": "2000-01-01 00:00:00", "updated_on": "2000-01-01 00:00:00", "datamode": "A"}}, {"model": "master_manager.cregion", "pk": 125, "fields": {"name": "Asia and the Pacific", "country_id": 85, "created_on": "2000-01-01 00:00:00", "updated_on": "2000-01-01 00:00:00", "datamode": "A"}}, {"model": "master_manager.cregion", "pk": 126, "fields": {"name": "Asia and the Pacific", "country_id": 86, "created_on": "2000-01-01 00:00:00", "updated_on": "2000-01-01 00:00:00", "datamode": "A"}}, {"model": "master_manager.cregion", "pk": 127, "fields": {"name": "Asia and the Pacific", "country_id": 88, "created_on": "2000-01-01 00:00:00", "updated_on": "2000-01-01 00:00:00", "datamode": "A"}}, {"model": "master_manager.cregion", "pk": 128, "fields": {"name": "Asia and the Pacific", "country_id": 90, "created_on": "2000-01-01 00:00:00", "updated_on": "2000-01-01 00:00:00", "datamode": "A"}}, {"model": "master_manager.cregion", "pk": 129, "fields": {"name": "Asia and the Pacific", "country_id": 91, "created_on": "2000-01-01 00:00:00", "updated_on": "2000-01-01 00:00:00", "datamode": "A"}}, {"model": "master_manager.cregion", "pk": 130, "fields": {"name": "Asia and the Pacific", "country_id": 92, "created_on": "2000-01-01 00:00:00", "updated_on": "2000-01-01 00:00:00", "datamode": "A"}}, {"model": "master_manager.cregion", "pk": 131, "fields": {"name": "Asia and the Pacific", "country_id": 94, "created_on": "2000-01-01 00:00:00", "updated_on": "2000-01-01 00:00:00", "datamode": "A"}}, {"model": "master_manager.cregion", "pk": 132, "fields": {"name": "Asia and the Pacific", "country_id": 95, "created_on": "2000-01-01 00:00:00", "updated_on": "2000-01-01 00:00:00", "datamode": "A"}}, {"model": "master_manager.cregion", "pk": 133, "fields": {"name": "Asia and the Pacific", "country_id": 96, "created_on": "2000-01-01 00:00:00", "updated_on": "2000-01-01 00:00:00", "datamode": "A"}}, {"model": "master_manager.cregion", "pk": 134, "fields": {"name": "Asia and the Pacific", "country_id": 97, "created_on": "2000-01-01 00:00:00", "updated_on": "2000-01-01 00:00:00", "datamode": "A"}}, {"model": "master_manager.cregion", "pk": 135, "fields": {"name": "Asia and the Pacific", "country_id": 98, "created_on": "2000-01-01 00:00:00", "updated_on": "2000-01-01 00:00:00", "datamode": "A"}}, {"model": "master_manager.cregion", "pk": 136, "fields": {"name": "Asia and the Pacific", "country_id": 99, "created_on": "2000-01-01 00:00:00", "updated_on": "2000-01-01 00:00:00", "datamode": "A"}}, {"model": "master_manager.cregion", "pk": 137, "fields": {"name": "Asia and the Pacific", "country_id": 101, "created_on": "2000-01-01 00:00:00", "updated_on": "2000-01-01 00:00:00", "datamode": "A"}}, {"model": "master_manager.cregion", "pk": 138, "fields": {"name": "Asia and the Pacific", "country_id": 102, "created_on": "2000-01-01 00:00:00", "updated_on": "2000-01-01 00:00:00", "datamode": "A"}}, {"model": "master_manager.cregion", "pk": 139, "fields": {"name": "Asia and the Pacific", "country_id": 104, "created_on": "2000-01-01 00:00:00", "updated_on": "2000-01-01 00:00:00", "datamode": "A"}}, {"model": "master_manager.cregion", "pk": 140, "fields": {"name": "Asia and the Pacific", "country_id": 105, "created_on": "2000-01-01 00:00:00", "updated_on": "2000-01-01 00:00:00", "datamode": "A"}}, {"model": "master_manager.cregion", "pk": 141, "fields": {"name": "Asia and the Pacific", "country_id": 106, "created_on": "2000-01-01 00:00:00", "updated_on": "2000-01-01 00:00:00", "datamode": "A"}}, {"model": "master_manager.cregion", "pk": 142, "fields": {"name": "Asia and the Pacific", "country_id": 107, "created_on": "2000-01-01 00:00:00", "updated_on": "2000-01-01 00:00:00", "datamode": "A"}}, {"model": "master_manager.cregion", "pk": 143, "fields": {"name": "Asia and the Pacific", "country_id": 108, "created_on": "2000-01-01 00:00:00", "updated_on": "2000-01-01 00:00:00", "datamode": "A"}}, {"model": "master_manager.cregion", "pk": 144, "fields": {"name": "Asia and the Pacific", "country_id": 109, "created_on": "2000-01-01 00:00:00", "updated_on": "2000-01-01 00:00:00", "datamode": "A"}}, {"model": "master_manager.cregion", "pk": 145, "fields": {"name": "Asia and the Pacific", "country_id": 110, "created_on": "2000-01-01 00:00:00", "updated_on": "2000-01-01 00:00:00", "datamode": "A"}}, {"model": "master_manager.cregion", "pk": 146, "fields": {"name": "Europe and Central Asia", "country_id": 111, "created_on": "2000-01-01 00:00:00", "updated_on": "2000-01-01 00:00:00", "datamode": "A"}}, {"model": "master_manager.cregion", "pk": 147, "fields": {"name": "Europe and Central Asia", "country_id": 112, "created_on": "2000-01-01 00:00:00", "updated_on": "2000-01-01 00:00:00", "datamode": "A"}}, {"model": "master_manager.cregion", "pk": 148, "fields": {"name": "Europe and Central Asia", "country_id": 113, "created_on": "2000-01-01 00:00:00", "updated_on": "2000-01-01 00:00:00", "datamode": "A"}}, {"model": "master_manager.cregion", "pk": 149, "fields": {"name": "Europe and Central Asia", "country_id": 114, "created_on": "2000-01-01 00:00:00", "updated_on": "2000-01-01 00:00:00", "datamode": "A"}}, {"model": "master_manager.cregion", "pk": 150, "fields": {"name": "Europe and Central Asia", "country_id": 115, "created_on": "2000-01-01 00:00:00", "updated_on": "2000-01-01 00:00:00", "datamode": "A"}}, {"model": "master_manager.cregion", "pk": 151, "fields": {"name": "Europe and Central Asia", "country_id": 116, "created_on": "2000-01-01 00:00:00", "updated_on": "2000-01-01 00:00:00", "datamode": "A"}}, {"model": "master_manager.cregion", "pk": 152, "fields": {"name": "Europe and Central Asia", "country_id": 117, "created_on": "2000-01-01 00:00:00", "updated_on": "2000-01-01 00:00:00", "datamode": "A"}}, {"model": "master_manager.cregion", "pk": 153, "fields": {"name": "Europe and Central Asia", "country_id": 118, "created_on": "2000-01-01 00:00:00", "updated_on": "2000-01-01 00:00:00", "datamode": "A"}}, {"model": "master_manager.cregion", "pk": 154, "fields": {"name": "Europe and Central Asia", "country_id": 119, "created_on": "2000-01-01 00:00:00", "updated_on": "2000-01-01 00:00:00", "datamode": "A"}}, {"model": "master_manager.cregion", "pk": 155, "fields": {"name": "Europe and Central Asia", "country_id": 120, "created_on": "2000-01-01 00:00:00", "updated_on": "2000-01-01 00:00:00", "datamode": "A"}}, {"model": "master_manager.cregion", "pk": 156, "fields": {"name": "Europe and Central Asia", "country_id": 121, "created_on": "2000-01-01 00:00:00", "updated_on": "2000-01-01 00:00:00", "datamode": "A"}}, {"model": "master_manager.cregion", "pk": 157, "fields": {"name": "Europe and Central Asia", "country_id": 122, "created_on": "2000-01-01 00:00:00", "updated_on": "2000-01-01 00:00:00", "datamode": "A"}}, {"model": "master_manager.cregion", "pk": 158, "fields": {"name": "Europe and Central Asia", "country_id": 123, "created_on": "2000-01-01 00:00:00", "updated_on": "2000-01-01 00:00:00", "datamode": "A"}}, {"model": "master_manager.cregion", "pk": 159, "fields": {"name": "Europe and Central Asia", "country_id": 124, "created_on": "2000-01-01 00:00:00", "updated_on": "2000-01-01 00:00:00", "datamode": "A"}}, {"model": "master_manager.cregion", "pk": 160, "fields": {"name": "Europe and Central Asia", "country_id": 125, "created_on": "2000-01-01 00:00:00", "updated_on": "2000-01-01 00:00:00", "datamode": "A"}}, {"model": "master_manager.cregion", "pk": 161, "fields": {"name": "Europe and Central Asia", "country_id": 126, "created_on": "2000-01-01 00:00:00", "updated_on": "2000-01-01 00:00:00", "datamode": "A"}}, {"model": "master_manager.cregion", "pk": 162, "fields": {"name": "Europe and Central Asia", "country_id": 127, "created_on": "2000-01-01 00:00:00", "updated_on": "2000-01-01 00:00:00", "datamode": "A"}}, {"model": "master_manager.cregion", "pk": 163, "fields": {"name": "Europe and Central Asia", "country_id": 128, "created_on": "2000-01-01 00:00:00", "updated_on": "2000-01-01 00:00:00", "datamode": "A"}}, {"model": "master_manager.cregion", "pk": 164, "fields": {"name": "Europe and Central Asia", "country_id": 129, "created_on": "2000-01-01 00:00:00", "updated_on": "2000-01-01 00:00:00", "datamode": "A"}}, {"model": "master_manager.cregion", "pk": 165, "fields": {"name": "Europe and Central Asia", "country_id": 130, "created_on": "2000-01-01 00:00:00", "updated_on": "2000-01-01 00:00:00", "datamode": "A"}}, {"model": "master_manager.cregion", "pk": 166, "fields": {"name": "Europe and Central Asia", "country_id": 131, "created_on": "2000-01-01 00:00:00", "updated_on": "2000-01-01 00:00:00", "datamode": "A"}}, {"model": "master_manager.cregion", "pk": 167, "fields": {"name": "Europe and Central Asia", "country_id": 132, "created_on": "2000-01-01 00:00:00", "updated_on": "2000-01-01 00:00:00", "datamode": "A"}}, {"model": "master_manager.cregion", "pk": 168, "fields": {"name": "Europe and Central Asia", "country_id": 133, "created_on": "2000-01-01 00:00:00", "updated_on": "2000-01-01 00:00:00", "datamode": "A"}}, {"model": "master_manager.cregion", "pk": 169, "fields": {"name": "Europe and Central Asia", "country_id": 134, "created_on": "2000-01-01 00:00:00", "updated_on": "2000-01-01 00:00:00", "datamode": "A"}}, {"model": "master_manager.cregion", "pk": 170, "fields": {"name": "Europe and Central Asia", "country_id": 135, "created_on": "2000-01-01 00:00:00", "updated_on": "2000-01-01 00:00:00", "datamode": "A"}}, {"model": "master_manager.cregion", "pk": 171, "fields": {"name": "Europe and Central Asia", "country_id": 136, "created_on": "2000-01-01 00:00:00", "updated_on": "2000-01-01 00:00:00", "datamode": "A"}}, {"model": "master_manager.cregion", "pk": 172, "fields": {"name": "Europe and Central Asia", "country_id": 137, "created_on": "2000-01-01 00:00:00", "updated_on": "2000-01-01 00:00:00", "datamode": "A"}}, {"model": "master_manager.cregion", "pk": 173, "fields": {"name": "Europe and Central Asia", "country_id": 138, "created_on": "2000-01-01 00:00:00", "updated_on": "2000-01-01 00:00:00", "datamode": "A"}}, {"model": "master_manager.cregion", "pk": 174, "fields": {"name": "Europe and Central Asia", "country_id": 139, "created_on": "2000-01-01 00:00:00", "updated_on": "2000-01-01 00:00:00", "datamode": "A"}}, {"model": "master_manager.cregion", "pk": 175, "fields": {"name": "Europe and Central Asia", "country_id": 140, "created_on": "2000-01-01 00:00:00", "updated_on": "2000-01-01 00:00:00", "datamode": "A"}}, {"model": "master_manager.cregion", "pk": 176, "fields": {"name": "Europe and Central Asia", "country_id": 141, "created_on": "2000-01-01 00:00:00", "updated_on": "2000-01-01 00:00:00", "datamode": "A"}}, {"model": "master_manager.cregion", "pk": 177, "fields": {"name": "Europe and Central Asia", "country_id": 142, "created_on": "2000-01-01 00:00:00", "updated_on": "2000-01-01 00:00:00", "datamode": "A"}}, {"model": "master_manager.cregion", "pk": 178, "fields": {"name": "Europe and Central Asia", "country_id": 143, "created_on": "2000-01-01 00:00:00", "updated_on": "2000-01-01 00:00:00", "datamode": "A"}}, {"model": "master_manager.cregion", "pk": 179, "fields": {"name": "Europe and Central Asia", "country_id": 144, "created_on": "2000-01-01 00:00:00", "updated_on": "2000-01-01 00:00:00", "datamode": "A"}}, {"model": "master_manager.cregion", "pk": 180, "fields": {"name": "Europe and Central Asia", "country_id": 145, "created_on": "2000-01-01 00:00:00", "updated_on": "2000-01-01 00:00:00", "datamode": "A"}}, {"model": "master_manager.cregion", "pk": 181, "fields": {"name": "Europe and Central Asia", "country_id": 146, "created_on": "2000-01-01 00:00:00", "updated_on": "2000-01-01 00:00:00", "datamode": "A"}}, {"model": "master_manager.cregion", "pk": 182, "fields": {"name": "Europe and Central Asia", "country_id": 147, "created_on": "2000-01-01 00:00:00", "updated_on": "2000-01-01 00:00:00", "datamode": "A"}}, {"model": "master_manager.cregion", "pk": 183, "fields": {"name": "Europe and Central Asia", "country_id": 148, "created_on": "2000-01-01 00:00:00", "updated_on": "2000-01-01 00:00:00", "datamode": "A"}}, {"model": "master_manager.cregion", "pk": 184, "fields": {"name": "Europe and Central Asia", "country_id": 149, "created_on": "2000-01-01 00:00:00", "updated_on": "2000-01-01 00:00:00", "datamode": "A"}}, {"model": "master_manager.cregion", "pk": 185, "fields": {"name": "Europe and Central Asia", "country_id": 150, "created_on": "2000-01-01 00:00:00", "updated_on": "2000-01-01 00:00:00", "datamode": "A"}}, {"model": "master_manager.cregion", "pk": 186, "fields": {"name": "Europe and Central Asia", "country_id": 151, "created_on": "2000-01-01 00:00:00", "updated_on": "2000-01-01 00:00:00", "datamode": "A"}}, {"model": "master_manager.cregion", "pk": 187, "fields": {"name": "Europe and Central Asia", "country_id": 152, "created_on": "2000-01-01 00:00:00", "updated_on": "2000-01-01 00:00:00", "datamode": "A"}}, {"model": "master_manager.cregion", "pk": 188, "fields": {"name": "Europe and Central Asia", "country_id": 153, "created_on": "2000-01-01 00:00:00", "updated_on": "2000-01-01 00:00:00", "datamode": "A"}}, {"model": "master_manager.cregion", "pk": 189, "fields": {"name": "Europe and Central Asia", "country_id": 154, "created_on": "2000-01-01 00:00:00", "updated_on": "2000-01-01 00:00:00", "datamode": "A"}}]