[{"model": "master_manager.continent", "pk": 1, "fields": {"id": 1, "name": "Africa", "created_on": "2000-01-01 00:00:00", "updated_on": "2000-01-01 00:00:00", "datamode": "A"}}, {"model": "master_manager.continent", "pk": 2, "fields": {"id": 2, "name": "Asia", "created_on": "2000-01-01 00:00:00", "updated_on": "2000-01-01 00:00:00", "datamode": "A"}}, {"model": "master_manager.continent", "pk": 3, "fields": {"id": 3, "name": "Australia and Oceania", "created_on": "2000-01-01 00:00:00", "updated_on": "2000-01-01 00:00:00", "datamode": "A"}}, {"model": "master_manager.continent", "pk": 4, "fields": {"id": 4, "name": "Europe", "created_on": "2000-01-01 00:00:00", "updated_on": "2000-01-01 00:00:00", "datamode": "A"}}, {"model": "master_manager.continent", "pk": 5, "fields": {"id": 5, "name": "North America", "created_on": "2000-01-01 00:00:00", "updated_on": "2000-01-01 00:00:00", "datamode": "A"}}, {"model": "master_manager.continent", "pk": 6, "fields": {"id": 6, "name": "South America", "created_on": "2000-01-01 00:00:00", "updated_on": "2000-01-01 00:00:00", "datamode": "A"}}]