[{"model": "master_manager.currency", "pk": 1, "fields": {"name": "UAE dirham", "iso_4217_alpha": "AED", "iso_4217_numeric": 784, "symbol": "\u062f.\u0625", "major_unit_name": "Dirham", "minor_unit_name": "Fils", "display_format": "", "created_on": "2000-01-01 00:00:00", "updated_on": "2000-01-01 00:00:00", "datamode": "A"}}, {"model": "master_manager.currency", "pk": 2, "fields": {"name": "Afghan afghani", "iso_4217_alpha": "AFN", "iso_4217_numeric": 971, "symbol": "\u060b", "major_unit_name": "Afghani", "minor_unit_name": "Pul", "display_format": "", "created_on": "2000-01-01 00:00:00", "updated_on": "2000-01-01 00:00:00", "datamode": "A"}}, {"model": "master_manager.currency", "pk": 3, "fields": {"name": "Albanian lek", "iso_4217_alpha": "ALL", "iso_4217_numeric": 8, "symbol": "L", "major_unit_name": "Lek", "minor_unit_name": "Qindarke", "display_format": "", "created_on": "2000-01-01 00:00:00", "updated_on": "2000-01-01 00:00:00", "datamode": "A"}}, {"model": "master_manager.currency", "pk": 4, "fields": {"name": "Armenian dram", "iso_4217_alpha": "AMD", "iso_4217_numeric": 51, "symbol": "", "major_unit_name": "Dram", "minor_unit_name": "Luma", "display_format": "", "created_on": "2000-01-01 00:00:00", "updated_on": "2000-01-01 00:00:00", "datamode": "A"}}, {"model": "master_manager.currency", "pk": 5, "fields": {"name": "Netherlands Antillean guilder", "iso_4217_alpha": "ANG", "iso_4217_numeric": 532, "symbol": "\u0192", "major_unit_name": "Guilder", "minor_unit_name": "Cent", "display_format": "", "created_on": "2000-01-01 00:00:00", "updated_on": "2000-01-01 00:00:00", "datamode": "A"}}, {"model": "master_manager.currency", "pk": 6, "fields": {"name": "Angolan kwanza", "iso_4217_alpha": "AOA", "iso_4217_numeric": 973, "symbol": "Kz", "major_unit_name": "Kwanza", "minor_unit_name": "Centimo", "display_format": "", "created_on": "2000-01-01 00:00:00", "updated_on": "2000-01-01 00:00:00", "datamode": "A"}}, {"model": "master_manager.currency", "pk": 7, "fields": {"name": "Argentine peso", "iso_4217_alpha": "ARS", "iso_4217_numeric": 32, "symbol": "$", "major_unit_name": "Peso", "minor_unit_name": "Centavo", "display_format": "", "created_on": "2000-01-01 00:00:00", "updated_on": "2000-01-01 00:00:00", "datamode": "A"}}, {"model": "master_manager.currency", "pk": 8, "fields": {"name": "Australian Dollar", "iso_4217_alpha": "AUD", "iso_4217_numeric": 36, "symbol": "$", "major_unit_name": "Dollar", "minor_unit_name": "Cent", "display_format": "", "created_on": "2000-01-01 00:00:00", "updated_on": "2000-01-01 00:00:00", "datamode": "A"}}, {"model": "master_manager.currency", "pk": 9, "fields": {"name": "Aruban florin", "iso_4217_alpha": "AWG", "iso_4217_numeric": 533, "symbol": "\u0192", "major_unit_name": "Florin", "minor_unit_name": "Cent", "display_format": "", "created_on": "2000-01-01 00:00:00", "updated_on": "2000-01-01 00:00:00", "datamode": "A"}}, {"model": "master_manager.currency", "pk": 10, "fields": {"name": "Azerbaijan manat", "iso_4217_alpha": "AZN", "iso_4217_numeric": 944, "symbol": "", "major_unit_name": "Manat", "minor_unit_name": "Qepik", "display_format": "", "created_on": "2000-01-01 00:00:00", "updated_on": "2000-01-01 00:00:00", "datamode": "A"}}, {"model": "master_manager.currency", "pk": 11, "fields": {"name": "Bosnia and Herzegovina convertible mark", "iso_4217_alpha": "BAM", "iso_4217_numeric": 977, "symbol": "KM", "major_unit_name": "Mark", "minor_unit_name": "Fening", "display_format": "", "created_on": "2000-01-01 00:00:00", "updated_on": "2000-01-01 00:00:00", "datamode": "A"}}, {"model": "master_manager.currency", "pk": 12, "fields": {"name": "Barbadian dollar", "iso_4217_alpha": "BBD", "iso_4217_numeric": 52, "symbol": "$", "major_unit_name": "Dollar", "minor_unit_name": "Cent", "display_format": "", "created_on": "2000-01-01 00:00:00", "updated_on": "2000-01-01 00:00:00", "datamode": "A"}}, {"model": "master_manager.currency", "pk": 13, "fields": {"name": "Bangladeshi taka", "iso_4217_alpha": "BDT", "iso_4217_numeric": 50, "symbol": "\u09f3", "major_unit_name": "Taka", "minor_unit_name": "Paisa", "display_format": "", "created_on": "2000-01-01 00:00:00", "updated_on": "2000-01-01 00:00:00", "datamode": "A"}}, {"model": "master_manager.currency", "pk": 14, "fields": {"name": "Bulgarian lev", "iso_4217_alpha": "BGN", "iso_4217_numeric": 975, "symbol": "\u043b\u0432", "major_unit_name": "Lev", "minor_unit_name": "Stotinka", "display_format": "", "created_on": "2000-01-01 00:00:00", "updated_on": "2000-01-01 00:00:00", "datamode": "A"}}, {"model": "master_manager.currency", "pk": 15, "fields": {"name": "Bahraini dinar", "iso_4217_alpha": "BHD", "iso_4217_numeric": 48, "symbol": ".\u062f.\u0628", "major_unit_name": "Dinar", "minor_unit_name": "Fils", "display_format": "", "created_on": "2000-01-01 00:00:00", "updated_on": "2000-01-01 00:00:00", "datamode": "A"}}, {"model": "master_manager.currency", "pk": 16, "fields": {"name": "Burundi franc", "iso_4217_alpha": "BIF", "iso_4217_numeric": 108, "symbol": "Fr", "major_unit_name": "France", "minor_unit_name": "Centime", "display_format": "", "created_on": "2000-01-01 00:00:00", "updated_on": "2000-01-01 00:00:00", "datamode": "A"}}, {"model": "master_manager.currency", "pk": 17, "fields": {"name": "Bermudian dollar", "iso_4217_alpha": "BMD", "iso_4217_numeric": 60, "symbol": "$", "major_unit_name": "Dollar", "minor_unit_name": "Cent", "display_format": "", "created_on": "2000-01-01 00:00:00", "updated_on": "2000-01-01 00:00:00", "datamode": "A"}}, {"model": "master_manager.currency", "pk": 18, "fields": {"name": "Brunei dollar", "iso_4217_alpha": "BND", "iso_4217_numeric": 96, "symbol": "$", "major_unit_name": "Dollar", "minor_unit_name": "Sen", "display_format": "", "created_on": "2000-01-01 00:00:00", "updated_on": "2000-01-01 00:00:00", "datamode": "A"}}, {"model": "master_manager.currency", "pk": 19, "fields": {"name": "Bolivian boliviano", "iso_4217_alpha": "BOB", "iso_4217_numeric": 68, "symbol": "Bs.", "major_unit_name": "Boliviano", "minor_unit_name": "Centavo", "display_format": "", "created_on": "2000-01-01 00:00:00", "updated_on": "2000-01-01 00:00:00", "datamode": "A"}}, {"model": "master_manager.currency", "pk": 20, "fields": {"name": "Brazilian real", "iso_4217_alpha": "BRL", "iso_4217_numeric": 986, "symbol": "R$", "major_unit_name": "Real", "minor_unit_name": "Centavo", "display_format": "", "created_on": "2000-01-01 00:00:00", "updated_on": "2000-01-01 00:00:00", "datamode": "A"}}, {"model": "master_manager.currency", "pk": 21, "fields": {"name": "Bahamian dollar", "iso_4217_alpha": "BSD", "iso_4217_numeric": 44, "symbol": "$", "major_unit_name": "Dollar", "minor_unit_name": "Cent", "display_format": "", "created_on": "2000-01-01 00:00:00", "updated_on": "2000-01-01 00:00:00", "datamode": "A"}}, {"model": "master_manager.currency", "pk": 22, "fields": {"name": "Bhutanese ngultrum", "iso_4217_alpha": "BTN", "iso_4217_numeric": 64, "symbol": "Nu.", "major_unit_name": "Ngultrum", "minor_unit_name": "Chetrum", "display_format": "", "created_on": "2000-01-01 00:00:00", "updated_on": "2000-01-01 00:00:00", "datamode": "A"}}, {"model": "master_manager.currency", "pk": 23, "fields": {"name": "Botswana pula", "iso_4217_alpha": "BWP", "iso_4217_numeric": 72, "symbol": "P", "major_unit_name": "Pula", "minor_unit_name": "Thebe", "display_format": "", "created_on": "2000-01-01 00:00:00", "updated_on": "2000-01-01 00:00:00", "datamode": "A"}}, {"model": "master_manager.currency", "pk": 24, "fields": {"name": "Belarusian ruble", "iso_4217_alpha": "BYN", "iso_4217_numeric": 933, "symbol": "Br", "major_unit_name": "Ruble", "minor_unit_name": "Kapyeyka", "display_format": "", "created_on": "2000-01-01 00:00:00", "updated_on": "2000-01-01 00:00:00", "datamode": "A"}}, {"model": "master_manager.currency", "pk": 25, "fields": {"name": "Belize dollar", "iso_4217_alpha": "BZD", "iso_4217_numeric": 84, "symbol": "$", "major_unit_name": "Dollar", "minor_unit_name": "Cent", "display_format": "", "created_on": "2000-01-01 00:00:00", "updated_on": "2000-01-01 00:00:00", "datamode": "A"}}, {"model": "master_manager.currency", "pk": 26, "fields": {"name": "Canadian dollar", "iso_4217_alpha": "CAD", "iso_4217_numeric": 124, "symbol": "$", "major_unit_name": "Dollar", "minor_unit_name": "Cent", "display_format": "", "created_on": "2000-01-01 00:00:00", "updated_on": "2000-01-01 00:00:00", "datamode": "A"}}, {"model": "master_manager.currency", "pk": 27, "fields": {"name": "Congolese franc", "iso_4217_alpha": "CDF", "iso_4217_numeric": 976, "symbol": "Fr", "major_unit_name": "Franc", "minor_unit_name": "Centime", "display_format": "", "created_on": "2000-01-01 00:00:00", "updated_on": "2000-01-01 00:00:00", "datamode": "A"}}, {"model": "master_manager.currency", "pk": 28, "fields": {"name": "Swiss franc", "iso_4217_alpha": "CHF", "iso_4217_numeric": 756, "symbol": "Fr", "major_unit_name": "Franc", "minor_unit_name": "Rappen", "display_format": "", "created_on": "2000-01-01 00:00:00", "updated_on": "2000-01-01 00:00:00", "datamode": "A"}}, {"model": "master_manager.currency", "pk": 29, "fields": {"name": "Unidad de Fomento", "iso_4217_alpha": "CLF", "iso_4217_numeric": 990, "symbol": "", "major_unit_name": "Fomento", "minor_unit_name": "", "display_format": "", "created_on": "2000-01-01 00:00:00", "updated_on": "2000-01-01 00:00:00", "datamode": "A"}}, {"model": "master_manager.currency", "pk": 30, "fields": {"name": "Chilean peso", "iso_4217_alpha": "CLP", "iso_4217_numeric": 152, "symbol": "$", "major_unit_name": "Peso", "minor_unit_name": "Centavo", "display_format": "", "created_on": "2000-01-01 00:00:00", "updated_on": "2000-01-01 00:00:00", "datamode": "A"}}, {"model": "master_manager.currency", "pk": 31, "fields": {"name": "Chinese Yuan Renminbi", "iso_4217_alpha": "CNY", "iso_4217_numeric": 156, "symbol": "\u00a5 or \u5143", "major_unit_name": "Yuan", "minor_unit_name": "Fen", "display_format": "", "created_on": "2000-01-01 00:00:00", "updated_on": "2000-01-01 00:00:00", "datamode": "A"}}, {"model": "master_manager.currency", "pk": 32, "fields": {"name": "Colombian peso", "iso_4217_alpha": "COP", "iso_4217_numeric": 170, "symbol": "$", "major_unit_name": "Peso", "minor_unit_name": "Centavo", "display_format": "", "created_on": "2000-01-01 00:00:00", "updated_on": "2000-01-01 00:00:00", "datamode": "A"}}, {"model": "master_manager.currency", "pk": 33, "fields": {"name": "Costa Rican colon", "iso_4217_alpha": "CRC", "iso_4217_numeric": 188, "symbol": "\u20a1", "major_unit_name": "Colon", "minor_unit_name": "Centimo", "display_format": "", "created_on": "2000-01-01 00:00:00", "updated_on": "2000-01-01 00:00:00", "datamode": "A"}}, {"model": "master_manager.currency", "pk": 34, "fields": {"name": "Peso Convertible", "iso_4217_alpha": "CUC", "iso_4217_numeric": 931, "symbol": "$", "major_unit_name": "Peso", "minor_unit_name": "Centavo", "display_format": "", "created_on": "2000-01-01 00:00:00", "updated_on": "2000-01-01 00:00:00", "datamode": "A"}}, {"model": "master_manager.currency", "pk": 35, "fields": {"name": "Cuban peso", "iso_4217_alpha": "CUP", "iso_4217_numeric": 192, "symbol": "$", "major_unit_name": "Peso", "minor_unit_name": "Centavo", "display_format": "", "created_on": "2000-01-01 00:00:00", "updated_on": "2000-01-01 00:00:00", "datamode": "A"}}, {"model": "master_manager.currency", "pk": 36, "fields": {"name": "Cape Verdean escudo", "iso_4217_alpha": "CVE", "iso_4217_numeric": 132, "symbol": "Esc or $", "major_unit_name": "Escudo", "minor_unit_name": "Centavo", "display_format": "", "created_on": "2000-01-01 00:00:00", "updated_on": "2000-01-01 00:00:00", "datamode": "A"}}, {"model": "master_manager.currency", "pk": 37, "fields": {"name": "Czech koruna", "iso_4217_alpha": "CZK", "iso_4217_numeric": 203, "symbol": "K\u010d", "major_unit_name": "Koruna", "minor_unit_name": "Halef", "display_format": "", "created_on": "2000-01-01 00:00:00", "updated_on": "2000-01-01 00:00:00", "datamode": "A"}}, {"model": "master_manager.currency", "pk": 38, "fields": {"name": "Djiboutian franc", "iso_4217_alpha": "DJF", "iso_4217_numeric": 262, "symbol": "Fr", "major_unit_name": "Franc", "minor_unit_name": "Centime", "display_format": "", "created_on": "2000-01-01 00:00:00", "updated_on": "2000-01-01 00:00:00", "datamode": "A"}}, {"model": "master_manager.currency", "pk": 39, "fields": {"name": "Danish krone", "iso_4217_alpha": "DKK", "iso_4217_numeric": 208, "symbol": "kr", "major_unit_name": "Krone", "minor_unit_name": "Ore", "display_format": "", "created_on": "2000-01-01 00:00:00", "updated_on": "2000-01-01 00:00:00", "datamode": "A"}}, {"model": "master_manager.currency", "pk": 40, "fields": {"name": "Dominican peso", "iso_4217_alpha": "DOP", "iso_4217_numeric": 214, "symbol": "$", "major_unit_name": "Peson", "minor_unit_name": "Centavo", "display_format": "", "created_on": "2000-01-01 00:00:00", "updated_on": "2000-01-01 00:00:00", "datamode": "A"}}, {"model": "master_manager.currency", "pk": 41, "fields": {"name": "Algerian dinar", "iso_4217_alpha": "DZD", "iso_4217_numeric": 12, "symbol": "\u062f.\u062c", "major_unit_name": "Dinar", "minor_unit_name": "Santeem", "display_format": "", "created_on": "2000-01-01 00:00:00", "updated_on": "2000-01-01 00:00:00", "datamode": "A"}}, {"model": "master_manager.currency", "pk": 42, "fields": {"name": "Egyptian pound", "iso_4217_alpha": "EGP", "iso_4217_numeric": 818, "symbol": "\u00a3 or \u062c.\u0645", "major_unit_name": "Pound sterling", "minor_unit_name": "Piastre", "display_format": "", "created_on": "2000-01-01 00:00:00", "updated_on": "2000-01-01 00:00:00", "datamode": "A"}}, {"model": "master_manager.currency", "pk": 43, "fields": {"name": "Eritrean nakfa", "iso_4217_alpha": "ERN", "iso_4217_numeric": 232, "symbol": "Nfk", "major_unit_name": "Nakfa", "minor_unit_name": "Cent", "display_format": "", "created_on": "2000-01-01 00:00:00", "updated_on": "2000-01-01 00:00:00", "datamode": "A"}}, {"model": "master_manager.currency", "pk": 44, "fields": {"name": "Ethiopian birr", "iso_4217_alpha": "ETB", "iso_4217_numeric": 230, "symbol": "Br", "major_unit_name": "Birr", "minor_unit_name": "Santim", "display_format": "", "created_on": "2000-01-01 00:00:00", "updated_on": "2000-01-01 00:00:00", "datamode": "A"}}, {"model": "master_manager.currency", "pk": 45, "fields": {"name": "European euro", "iso_4217_alpha": "EUR", "iso_4217_numeric": 978, "symbol": "\u20ac", "major_unit_name": "Euro", "minor_unit_name": "Cent", "display_format": "", "created_on": "2000-01-01 00:00:00", "updated_on": "2000-01-01 00:00:00", "datamode": "A"}}, {"model": "master_manager.currency", "pk": 46, "fields": {"name": "Fijian dollar", "iso_4217_alpha": "FJD", "iso_4217_numeric": 242, "symbol": "$", "major_unit_name": "Dollar", "minor_unit_name": "Cent", "display_format": "", "created_on": "2000-01-01 00:00:00", "updated_on": "2000-01-01 00:00:00", "datamode": "A"}}, {"model": "master_manager.currency", "pk": 47, "fields": {"name": "Falkland Islands pound", "iso_4217_alpha": "FKP", "iso_4217_numeric": 238, "symbol": "\u00a3", "major_unit_name": "Pound", "minor_unit_name": "Penny", "display_format": "", "created_on": "2000-01-01 00:00:00", "updated_on": "2000-01-01 00:00:00", "datamode": "A"}}, {"model": "master_manager.currency", "pk": 48, "fields": {"name": "Pound sterling", "iso_4217_alpha": "GBP", "iso_4217_numeric": 826, "symbol": "\u00a3", "major_unit_name": "Pound", "minor_unit_name": "Penny", "display_format": "", "created_on": "2000-01-01 00:00:00", "updated_on": "2000-01-01 00:00:00", "datamode": "A"}}, {"model": "master_manager.currency", "pk": 49, "fields": {"name": "Georgian lari", "iso_4217_alpha": "GEL", "iso_4217_numeric": 981, "symbol": "\u10da", "major_unit_name": "Lari", "minor_unit_name": "Tetri", "display_format": "", "created_on": "2000-01-01 00:00:00", "updated_on": "2000-01-01 00:00:00", "datamode": "A"}}, {"model": "master_manager.currency", "pk": 50, "fields": {"name": "Ghanaian cedi", "iso_4217_alpha": "GHS", "iso_4217_numeric": 936, "symbol": "\u20b5", "major_unit_name": "Cedi", "minor_unit_name": "Pesewa", "display_format": "", "created_on": "2000-01-01 00:00:00", "updated_on": "2000-01-01 00:00:00", "datamode": "A"}}, {"model": "master_manager.currency", "pk": 51, "fields": {"name": "Gibraltar pound", "iso_4217_alpha": "GIP", "iso_4217_numeric": 292, "symbol": "\u00a3", "major_unit_name": "Pound", "minor_unit_name": "Penny", "display_format": "", "created_on": "2000-01-01 00:00:00", "updated_on": "2000-01-01 00:00:00", "datamode": "A"}}, {"model": "master_manager.currency", "pk": 52, "fields": {"name": "Gambian dalasi", "iso_4217_alpha": "GMD", "iso_4217_numeric": 270, "symbol": "D", "major_unit_name": "Dalasi", "minor_unit_name": "Butut", "display_format": "", "created_on": "2000-01-01 00:00:00", "updated_on": "2000-01-01 00:00:00", "datamode": "A"}}, {"model": "master_manager.currency", "pk": 53, "fields": {"name": "Guinean franc", "iso_4217_alpha": "GNF", "iso_4217_numeric": 324, "symbol": "Fr", "major_unit_name": "Franc", "minor_unit_name": "Centime", "display_format": "", "created_on": "2000-01-01 00:00:00", "updated_on": "2000-01-01 00:00:00", "datamode": "A"}}, {"model": "master_manager.currency", "pk": 54, "fields": {"name": "Guatemalan quetzal", "iso_4217_alpha": "GTQ", "iso_4217_numeric": 320, "symbol": "Q", "major_unit_name": "Quetzal", "minor_unit_name": "Centavo", "display_format": "", "created_on": "2000-01-01 00:00:00", "updated_on": "2000-01-01 00:00:00", "datamode": "A"}}, {"model": "master_manager.currency", "pk": 55, "fields": {"name": "Guyanese dollar", "iso_4217_alpha": "GYD", "iso_4217_numeric": 328, "symbol": "$", "major_unit_name": "Dollar", "minor_unit_name": "Cent", "display_format": "", "created_on": "2000-01-01 00:00:00", "updated_on": "2000-01-01 00:00:00", "datamode": "A"}}, {"model": "master_manager.currency", "pk": 56, "fields": {"name": "Hong Kong dollar", "iso_4217_alpha": "HKD", "iso_4217_numeric": 344, "symbol": "$", "major_unit_name": "Dollar", "minor_unit_name": "Cent", "display_format": "", "created_on": "2000-01-01 00:00:00", "updated_on": "2000-01-01 00:00:00", "datamode": "A"}}, {"model": "master_manager.currency", "pk": 57, "fields": {"name": "Honduran lempira", "iso_4217_alpha": "HNL", "iso_4217_numeric": 340, "symbol": "L", "major_unit_name": "Lempira", "minor_unit_name": "Centavo", "display_format": "", "created_on": "2000-01-01 00:00:00", "updated_on": "2000-01-01 00:00:00", "datamode": "A"}}, {"model": "master_manager.currency", "pk": 58, "fields": {"name": "Croatian kuna", "iso_4217_alpha": "HRK", "iso_4217_numeric": 191, "symbol": "kn", "major_unit_name": "Kuna", "minor_unit_name": "Lipa", "display_format": "", "created_on": "2000-01-01 00:00:00", "updated_on": "2000-01-01 00:00:00", "datamode": "A"}}, {"model": "master_manager.currency", "pk": 59, "fields": {"name": "Haitian gourde", "iso_4217_alpha": "HTG", "iso_4217_numeric": 332, "symbol": "G", "major_unit_name": "Gourde", "minor_unit_name": "Centime", "display_format": "", "created_on": "2000-01-01 00:00:00", "updated_on": "2000-01-01 00:00:00", "datamode": "A"}}, {"model": "master_manager.currency", "pk": 60, "fields": {"name": "Hungarian forint", "iso_4217_alpha": "HUF", "iso_4217_numeric": 348, "symbol": "Ft", "major_unit_name": "Forint", "minor_unit_name": "Filler", "display_format": "", "created_on": "2000-01-01 00:00:00", "updated_on": "2000-01-01 00:00:00", "datamode": "A"}}, {"model": "master_manager.currency", "pk": 61, "fields": {"name": "Indonesian rupiah", "iso_4217_alpha": "IDR", "iso_4217_numeric": 360, "symbol": "Rp", "major_unit_name": "Rupiah", "minor_unit_name": "Sen", "display_format": "", "created_on": "2000-01-01 00:00:00", "updated_on": "2000-01-01 00:00:00", "datamode": "A"}}, {"model": "master_manager.currency", "pk": 62, "fields": {"name": "Israeli new shekel", "iso_4217_alpha": "ILS", "iso_4217_numeric": 376, "symbol": "\u20aa", "major_unit_name": "Shekel", "minor_unit_name": "Agora", "display_format": "", "created_on": "2000-01-01 00:00:00", "updated_on": "2000-01-01 00:00:00", "datamode": "A"}}, {"model": "master_manager.currency", "pk": 63, "fields": {"name": "Indian rupee", "iso_4217_alpha": "INR", "iso_4217_numeric": 356, "symbol": "\u20b9", "major_unit_name": "Rupee", "minor_unit_name": "Paisa", "display_format": "", "created_on": "2000-01-01 00:00:00", "updated_on": "2000-01-01 00:00:00", "datamode": "A"}}, {"model": "master_manager.currency", "pk": 64, "fields": {"name": "Iraqi dinar", "iso_4217_alpha": "IQD", "iso_4217_numeric": 368, "symbol": "\u0639.\u062f", "major_unit_name": "Dinar", "minor_unit_name": "Fils", "display_format": "", "created_on": "2000-01-01 00:00:00", "updated_on": "2000-01-01 00:00:00", "datamode": "A"}}, {"model": "master_manager.currency", "pk": 65, "fields": {"name": "Iranian rial", "iso_4217_alpha": "IRR", "iso_4217_numeric": 364, "symbol": "\ufdfc", "major_unit_name": "Rial", "minor_unit_name": "Dinar", "display_format": "", "created_on": "2000-01-01 00:00:00", "updated_on": "2000-01-01 00:00:00", "datamode": "A"}}, {"model": "master_manager.currency", "pk": 66, "fields": {"name": "Icelandic krona", "iso_4217_alpha": "ISK", "iso_4217_numeric": 352, "symbol": "kr", "major_unit_name": "Krona", "minor_unit_name": "Eyrir", "display_format": "", "created_on": "2000-01-01 00:00:00", "updated_on": "2000-01-01 00:00:00", "datamode": "A"}}, {"model": "master_manager.currency", "pk": 67, "fields": {"name": "Jamaican dollar", "iso_4217_alpha": "JMD", "iso_4217_numeric": 388, "symbol": "$", "major_unit_name": "Dollar", "minor_unit_name": "Cent", "display_format": "", "created_on": "2000-01-01 00:00:00", "updated_on": "2000-01-01 00:00:00", "datamode": "A"}}, {"model": "master_manager.currency", "pk": 68, "fields": {"name": "Jordanian dinar", "iso_4217_alpha": "JOD", "iso_4217_numeric": 400, "symbol": "\u062f.\u0627", "major_unit_name": "Dinar", "minor_unit_name": "Piastre", "display_format": "", "created_on": "2000-01-01 00:00:00", "updated_on": "2000-01-01 00:00:00", "datamode": "A"}}, {"model": "master_manager.currency", "pk": 69, "fields": {"name": "Japanese yen", "iso_4217_alpha": "JPY", "iso_4217_numeric": 392, "symbol": "\u00a5", "major_unit_name": "Yen", "minor_unit_name": "Sen", "display_format": "", "created_on": "2000-01-01 00:00:00", "updated_on": "2000-01-01 00:00:00", "datamode": "A"}}, {"model": "master_manager.currency", "pk": 70, "fields": {"name": "Kenyan shilling", "iso_4217_alpha": "KES", "iso_4217_numeric": 404, "symbol": "Sh", "major_unit_name": "Shilling", "minor_unit_name": "Cent", "display_format": "", "created_on": "2000-01-01 00:00:00", "updated_on": "2000-01-01 00:00:00", "datamode": "A"}}, {"model": "master_manager.currency", "pk": 71, "fields": {"name": "Kyrgyzstani som", "iso_4217_alpha": "KGS", "iso_4217_numeric": 417, "symbol": "\u043b\u0432", "major_unit_name": "Som", "minor_unit_name": "Tyiyn", "display_format": "", "created_on": "2000-01-01 00:00:00", "updated_on": "2000-01-01 00:00:00", "datamode": "A"}}, {"model": "master_manager.currency", "pk": 72, "fields": {"name": "Cambodian riel", "iso_4217_alpha": "KHR", "iso_4217_numeric": 116, "symbol": "\u17db", "major_unit_name": "Riel", "minor_unit_name": "Sen", "display_format": "", "created_on": "2000-01-01 00:00:00", "updated_on": "2000-01-01 00:00:00", "datamode": "A"}}, {"model": "master_manager.currency", "pk": 73, "fields": {"name": "Comorian franc", "iso_4217_alpha": "KMF", "iso_4217_numeric": 174, "symbol": "Fr", "major_unit_name": "Franc", "minor_unit_name": "Centime", "display_format": "", "created_on": "2000-01-01 00:00:00", "updated_on": "2000-01-01 00:00:00", "datamode": "A"}}, {"model": "master_manager.currency", "pk": 74, "fields": {"name": "North Korean won", "iso_4217_alpha": "KPW", "iso_4217_numeric": 408, "symbol": "\u20a9", "major_unit_name": "Won", "minor_unit_name": "Chon", "display_format": "", "created_on": "2000-01-01 00:00:00", "updated_on": "2000-01-01 00:00:00", "datamode": "A"}}, {"model": "master_manager.currency", "pk": 75, "fields": {"name": "South Korean won", "iso_4217_alpha": "KRW", "iso_4217_numeric": 410, "symbol": "\u20a9", "major_unit_name": "Won", "minor_unit_name": "Jeon", "display_format": "", "created_on": "2000-01-01 00:00:00", "updated_on": "2000-01-01 00:00:00", "datamode": "A"}}, {"model": "master_manager.currency", "pk": 76, "fields": {"name": "Kuwaiti dinar", "iso_4217_alpha": "KWD", "iso_4217_numeric": 414, "symbol": "\u062f.\u0643", "major_unit_name": "Dinar", "minor_unit_name": "Fils", "display_format": "", "created_on": "2000-01-01 00:00:00", "updated_on": "2000-01-01 00:00:00", "datamode": "A"}}, {"model": "master_manager.currency", "pk": 77, "fields": {"name": "Cayman Islands dollar", "iso_4217_alpha": "KYD", "iso_4217_numeric": 136, "symbol": "$", "major_unit_name": "Dollar", "minor_unit_name": "Cent", "display_format": "", "created_on": "2000-01-01 00:00:00", "updated_on": "2000-01-01 00:00:00", "datamode": "A"}}, {"model": "master_manager.currency", "pk": 78, "fields": {"name": "Kazakhstani tenge", "iso_4217_alpha": "KZT", "iso_4217_numeric": 398, "symbol": "", "major_unit_name": "Tenge", "minor_unit_name": "Tiin", "display_format": "", "created_on": "2000-01-01 00:00:00", "updated_on": "2000-01-01 00:00:00", "datamode": "A"}}, {"model": "master_manager.currency", "pk": 79, "fields": {"name": "Lao kip", "iso_4217_alpha": "LAK", "iso_4217_numeric": 418, "symbol": "\u20ad", "major_unit_name": "Kip", "minor_unit_name": "Att", "display_format": "", "created_on": "2000-01-01 00:00:00", "updated_on": "2000-01-01 00:00:00", "datamode": "A"}}, {"model": "master_manager.currency", "pk": 80, "fields": {"name": "Lebanese pound", "iso_4217_alpha": "LBP", "iso_4217_numeric": 422, "symbol": "\u0644.\u0644", "major_unit_name": "Pound", "minor_unit_name": "Piastre", "display_format": "", "created_on": "2000-01-01 00:00:00", "updated_on": "2000-01-01 00:00:00", "datamode": "A"}}, {"model": "master_manager.currency", "pk": 81, "fields": {"name": "Sri Lankan rupee", "iso_4217_alpha": "LKR", "iso_4217_numeric": 144, "symbol": "Rs or \u0dbb\u0dd4", "major_unit_name": "Rupee", "minor_unit_name": "Cent", "display_format": "", "created_on": "2000-01-01 00:00:00", "updated_on": "2000-01-01 00:00:00", "datamode": "A"}}, {"model": "master_manager.currency", "pk": 82, "fields": {"name": "Liberian dollar", "iso_4217_alpha": "LRD", "iso_4217_numeric": 430, "symbol": "$", "major_unit_name": "Dollar", "minor_unit_name": "Cent", "display_format": "", "created_on": "2000-01-01 00:00:00", "updated_on": "2000-01-01 00:00:00", "datamode": "A"}}, {"model": "master_manager.currency", "pk": 83, "fields": {"name": "Lesotho loti", "iso_4217_alpha": "LSL", "iso_4217_numeric": 426, "symbol": "L", "major_unit_name": "Loti", "minor_unit_name": "Sente", "display_format": "", "created_on": "2000-01-01 00:00:00", "updated_on": "2000-01-01 00:00:00", "datamode": "A"}}, {"model": "master_manager.currency", "pk": 84, "fields": {"name": "Libyan dinar", "iso_4217_alpha": "LYD", "iso_4217_numeric": 434, "symbol": "\u0644.\u062f", "major_unit_name": "Dinar", "minor_unit_name": "Dirham", "display_format": "", "created_on": "2000-01-01 00:00:00", "updated_on": "2000-01-01 00:00:00", "datamode": "A"}}, {"model": "master_manager.currency", "pk": 85, "fields": {"name": "Moroccan dirham", "iso_4217_alpha": "MAD", "iso_4217_numeric": 504, "symbol": "\u062f.\u0645.", "major_unit_name": "Dirham", "minor_unit_name": "Centime", "display_format": "", "created_on": "2000-01-01 00:00:00", "updated_on": "2000-01-01 00:00:00", "datamode": "A"}}, {"model": "master_manager.currency", "pk": 86, "fields": {"name": "Moldovan leu", "iso_4217_alpha": "MDL", "iso_4217_numeric": 498, "symbol": "L", "major_unit_name": "Leu", "minor_unit_name": "Ban", "display_format": "", "created_on": "2000-01-01 00:00:00", "updated_on": "2000-01-01 00:00:00", "datamode": "A"}}, {"model": "master_manager.currency", "pk": 87, "fields": {"name": "Malagasy ariary", "iso_4217_alpha": "MGA", "iso_4217_numeric": 969, "symbol": "Ar", "major_unit_name": "Ariary", "minor_unit_name": "Iraimbilanja", "display_format": "", "created_on": "2000-01-01 00:00:00", "updated_on": "2000-01-01 00:00:00", "datamode": "A"}}, {"model": "master_manager.currency", "pk": 88, "fields": {"name": "Macedonian denar", "iso_4217_alpha": "MKD", "iso_4217_numeric": 807, "symbol": "\u0434\u0435\u043d", "major_unit_name": "Denar", "minor_unit_name": "Deni", "display_format": "", "created_on": "2000-01-01 00:00:00", "updated_on": "2000-01-01 00:00:00", "datamode": "A"}}, {"model": "master_manager.currency", "pk": 89, "fields": {"name": "Myanmar kyat", "iso_4217_alpha": "MMK", "iso_4217_numeric": 104, "symbol": "Ks", "major_unit_name": "Kyat", "minor_unit_name": "Pya", "display_format": "", "created_on": "2000-01-01 00:00:00", "updated_on": "2000-01-01 00:00:00", "datamode": "A"}}, {"model": "master_manager.currency", "pk": 90, "fields": {"name": "Mongolian tugrik", "iso_4217_alpha": "MNT", "iso_4217_numeric": 496, "symbol": "\u20ae", "major_unit_name": "Tugrik", "minor_unit_name": "Mongo", "display_format": "", "created_on": "2000-01-01 00:00:00", "updated_on": "2000-01-01 00:00:00", "datamode": "A"}}, {"model": "master_manager.currency", "pk": 91, "fields": {"name": "Macanese pataca", "iso_4217_alpha": "MOP", "iso_4217_numeric": 446, "symbol": "P", "major_unit_name": "Pataca", "minor_unit_name": "Avo", "display_format": "", "created_on": "2000-01-01 00:00:00", "updated_on": "2000-01-01 00:00:00", "datamode": "A"}}, {"model": "master_manager.currency", "pk": 92, "fields": {"name": "Mauritanian ouguiya", "iso_4217_alpha": "MRO", "iso_4217_numeric": 478, "symbol": "UM", "major_unit_name": "Ouguiya", "minor_unit_name": "Khoums", "display_format": "", "created_on": "2000-01-01 00:00:00", "updated_on": "2000-01-01 00:00:00", "datamode": "A"}}, {"model": "master_manager.currency", "pk": 93, "fields": {"name": "Mauritian rupee", "iso_4217_alpha": "MUR", "iso_4217_numeric": 480, "symbol": "\u20a8", "major_unit_name": "Rupee", "minor_unit_name": "Cent", "display_format": "", "created_on": "2000-01-01 00:00:00", "updated_on": "2000-01-01 00:00:00", "datamode": "A"}}, {"model": "master_manager.currency", "pk": 94, "fields": {"name": "Maldivian rufiyaa", "iso_4217_alpha": "MVR", "iso_4217_numeric": 462, "symbol": ".\u0783", "major_unit_name": "Rufiyaa", "minor_unit_name": "Laari", "display_format": "", "created_on": "2000-01-01 00:00:00", "updated_on": "2000-01-01 00:00:00", "datamode": "A"}}, {"model": "master_manager.currency", "pk": 95, "fields": {"name": "Malawian kwacha", "iso_4217_alpha": "MWK", "iso_4217_numeric": 454, "symbol": "MK", "major_unit_name": "Kwacha", "minor_unit_name": "Tambala", "display_format": "", "created_on": "2000-01-01 00:00:00", "updated_on": "2000-01-01 00:00:00", "datamode": "A"}}, {"model": "master_manager.currency", "pk": 96, "fields": {"name": "Mexican peso", "iso_4217_alpha": "MXN", "iso_4217_numeric": 484, "symbol": "$", "major_unit_name": "Peso", "minor_unit_name": "Centavo", "display_format": "", "created_on": "2000-01-01 00:00:00", "updated_on": "2000-01-01 00:00:00", "datamode": "A"}}, {"model": "master_manager.currency", "pk": 97, "fields": {"name": "Malaysian ringgit", "iso_4217_alpha": "MYR", "iso_4217_numeric": 458, "symbol": "RM", "major_unit_name": "Ringgit", "minor_unit_name": "Sen", "display_format": "", "created_on": "2000-01-01 00:00:00", "updated_on": "2000-01-01 00:00:00", "datamode": "A"}}, {"model": "master_manager.currency", "pk": 98, "fields": {"name": "Mozambican metical", "iso_4217_alpha": "MZN", "iso_4217_numeric": 943, "symbol": "MT", "major_unit_name": "Metical", "minor_unit_name": "Centavo", "display_format": "", "created_on": "2000-01-01 00:00:00", "updated_on": "2000-01-01 00:00:00", "datamode": "A"}}, {"model": "master_manager.currency", "pk": 99, "fields": {"name": "Namibian dollar", "iso_4217_alpha": "NAD", "iso_4217_numeric": 516, "symbol": "$", "major_unit_name": "Dollar", "minor_unit_name": "Cent", "display_format": "", "created_on": "2000-01-01 00:00:00", "updated_on": "2000-01-01 00:00:00", "datamode": "A"}}, {"model": "master_manager.currency", "pk": 100, "fields": {"name": "Nigerian naira", "iso_4217_alpha": "NGN", "iso_4217_numeric": 566, "symbol": "\u20a6", "major_unit_name": "Naira", "minor_unit_name": "Kobo", "display_format": "", "created_on": "2000-01-01 00:00:00", "updated_on": "2000-01-01 00:00:00", "datamode": "A"}}, {"model": "master_manager.currency", "pk": 101, "fields": {"name": "Nicaraguan cordoba", "iso_4217_alpha": "NIO", "iso_4217_numeric": 558, "symbol": "C$", "major_unit_name": "Cordoba", "minor_unit_name": "Centavo", "display_format": "", "created_on": "2000-01-01 00:00:00", "updated_on": "2000-01-01 00:00:00", "datamode": "A"}}, {"model": "master_manager.currency", "pk": 102, "fields": {"name": "Norwegian krone", "iso_4217_alpha": "NOK", "iso_4217_numeric": 578, "symbol": "kr", "major_unit_name": "Krone", "minor_unit_name": "Ore", "display_format": "", "created_on": "2000-01-01 00:00:00", "updated_on": "2000-01-01 00:00:00", "datamode": "A"}}, {"model": "master_manager.currency", "pk": 103, "fields": {"name": "Nepalese rupee", "iso_4217_alpha": "NPR", "iso_4217_numeric": 524, "symbol": "\u20a8", "major_unit_name": "Rupee", "minor_unit_name": "Paisa", "display_format": "", "created_on": "2000-01-01 00:00:00", "updated_on": "2000-01-01 00:00:00", "datamode": "A"}}, {"model": "master_manager.currency", "pk": 104, "fields": {"name": "New Zealand dollar", "iso_4217_alpha": "NZD", "iso_4217_numeric": 554, "symbol": "$", "major_unit_name": "Dollar", "minor_unit_name": "Cent", "display_format": "", "created_on": "2000-01-01 00:00:00", "updated_on": "2000-01-01 00:00:00", "datamode": "A"}}, {"model": "master_manager.currency", "pk": 105, "fields": {"name": "Omani rial", "iso_4217_alpha": "OMR", "iso_4217_numeric": 512, "symbol": "\ufdfc", "major_unit_name": "Rial", "minor_unit_name": "Fils", "display_format": "", "created_on": "2000-01-01 00:00:00", "updated_on": "2000-01-01 00:00:00", "datamode": "A"}}, {"model": "master_manager.currency", "pk": 106, "fields": {"name": "Panamanian balboa", "iso_4217_alpha": "PAB", "iso_4217_numeric": 590, "symbol": "", "major_unit_name": "Balboa", "minor_unit_name": "R", "display_format": "", "created_on": "2000-01-01 00:00:00", "updated_on": "2000-01-01 00:00:00", "datamode": "A"}}, {"model": "master_manager.currency", "pk": 107, "fields": {"name": "Peruvian sol", "iso_4217_alpha": "PEN", "iso_4217_numeric": 604, "symbol": "S/.", "major_unit_name": "Sol", "minor_unit_name": "Centimo", "display_format": "", "created_on": "2000-01-01 00:00:00", "updated_on": "2000-01-01 00:00:00", "datamode": "A"}}, {"model": "master_manager.currency", "pk": 108, "fields": {"name": "Papua New Guinean kina", "iso_4217_alpha": "PGK", "iso_4217_numeric": 598, "symbol": "K", "major_unit_name": "Kina", "minor_unit_name": "Toea", "display_format": "", "created_on": "2000-01-01 00:00:00", "updated_on": "2000-01-01 00:00:00", "datamode": "A"}}, {"model": "master_manager.currency", "pk": 109, "fields": {"name": "Philippine peso", "iso_4217_alpha": "PHP", "iso_4217_numeric": 608, "symbol": "\u20b1", "major_unit_name": "Peso", "minor_unit_name": "Centavo", "display_format": "", "created_on": "2000-01-01 00:00:00", "updated_on": "2000-01-01 00:00:00", "datamode": "A"}}, {"model": "master_manager.currency", "pk": 110, "fields": {"name": "Pakistani rupee", "iso_4217_alpha": "PKR", "iso_4217_numeric": 586, "symbol": "\u20a8", "major_unit_name": "Rupee", "minor_unit_name": "Paisa", "display_format": "", "created_on": "2000-01-01 00:00:00", "updated_on": "2000-01-01 00:00:00", "datamode": "A"}}, {"model": "master_manager.currency", "pk": 111, "fields": {"name": "Polish zloty", "iso_4217_alpha": "PLN", "iso_4217_numeric": 985, "symbol": "z\u0142", "major_unit_name": "Zloty", "minor_unit_name": "Grosz", "display_format": "", "created_on": "2000-01-01 00:00:00", "updated_on": "2000-01-01 00:00:00", "datamode": "A"}}, {"model": "master_manager.currency", "pk": 112, "fields": {"name": "Paraguayan guarani", "iso_4217_alpha": "PYG", "iso_4217_numeric": 600, "symbol": "\u20b2", "major_unit_name": "Guarani", "minor_unit_name": "Centimo", "display_format": "", "created_on": "2000-01-01 00:00:00", "updated_on": "2000-01-01 00:00:00", "datamode": "A"}}, {"model": "master_manager.currency", "pk": 113, "fields": {"name": "Qatari riyal", "iso_4217_alpha": "QAR", "iso_4217_numeric": 634, "symbol": "\u0631.\u0642", "major_unit_name": "Riyal", "minor_unit_name": "Dirham", "display_format": "", "created_on": "2000-01-01 00:00:00", "updated_on": "2000-01-01 00:00:00", "datamode": "A"}}, {"model": "master_manager.currency", "pk": 114, "fields": {"name": "Romanian leu", "iso_4217_alpha": "RON", "iso_4217_numeric": 946, "symbol": "lei", "major_unit_name": "Leu", "minor_unit_name": "Ban", "display_format": "", "created_on": "2000-01-01 00:00:00", "updated_on": "2000-01-01 00:00:00", "datamode": "A"}}, {"model": "master_manager.currency", "pk": 115, "fields": {"name": "Serbian dinar", "iso_4217_alpha": "RSD", "iso_4217_numeric": 941, "symbol": "\u0434\u0438\u043d", "major_unit_name": "Dinar", "minor_unit_name": "Para", "display_format": "", "created_on": "2000-01-01 00:00:00", "updated_on": "2000-01-01 00:00:00", "datamode": "A"}}, {"model": "master_manager.currency", "pk": 116, "fields": {"name": "Russian ruble", "iso_4217_alpha": "RUB", "iso_4217_numeric": 643, "symbol": "", "major_unit_name": "Ruble", "minor_unit_name": "Kopek", "display_format": "", "created_on": "2000-01-01 00:00:00", "updated_on": "2000-01-01 00:00:00", "datamode": "A"}}, {"model": "master_manager.currency", "pk": 117, "fields": {"name": "Rwandan franc", "iso_4217_alpha": "RWF", "iso_4217_numeric": 646, "symbol": "Fr", "major_unit_name": "Franc", "minor_unit_name": "Centime", "display_format": "", "created_on": "2000-01-01 00:00:00", "updated_on": "2000-01-01 00:00:00", "datamode": "A"}}, {"model": "master_manager.currency", "pk": 118, "fields": {"name": "Saudi Arabian riyal", "iso_4217_alpha": "SAR", "iso_4217_numeric": 682, "symbol": "\u0631.\u0633", "major_unit_name": "Riyal", "minor_unit_name": "Halala", "display_format": "", "created_on": "2000-01-01 00:00:00", "updated_on": "2000-01-01 00:00:00", "datamode": "A"}}, {"model": "master_manager.currency", "pk": 119, "fields": {"name": "Solomon Islands dollar", "iso_4217_alpha": "SBD", "iso_4217_numeric": 90, "symbol": "$", "major_unit_name": "Dollar", "minor_unit_name": "Cent", "display_format": "", "created_on": "2000-01-01 00:00:00", "updated_on": "2000-01-01 00:00:00", "datamode": "A"}}, {"model": "master_manager.currency", "pk": 120, "fields": {"name": "Seychellois rupee", "iso_4217_alpha": "SCR", "iso_4217_numeric": 690, "symbol": "\u20a8", "major_unit_name": "Rupee", "minor_unit_name": "Cent", "display_format": "", "created_on": "2000-01-01 00:00:00", "updated_on": "2000-01-01 00:00:00", "datamode": "A"}}, {"model": "master_manager.currency", "pk": 121, "fields": {"name": "Sudanese pound", "iso_4217_alpha": "SDG", "iso_4217_numeric": 938, "symbol": "\u062c.\u0633.", "major_unit_name": "Pound", "minor_unit_name": "Piastre", "display_format": "", "created_on": "2000-01-01 00:00:00", "updated_on": "2000-01-01 00:00:00", "datamode": "A"}}, {"model": "master_manager.currency", "pk": 122, "fields": {"name": "Swedish krona", "iso_4217_alpha": "SEK", "iso_4217_numeric": 752, "symbol": "kr", "major_unit_name": "Krona", "minor_unit_name": "Ore", "display_format": "", "created_on": "2000-01-01 00:00:00", "updated_on": "2000-01-01 00:00:00", "datamode": "A"}}, {"model": "master_manager.currency", "pk": 123, "fields": {"name": "Singapore dollar", "iso_4217_alpha": "SGD", "iso_4217_numeric": 702, "symbol": "$", "major_unit_name": "Dollar", "minor_unit_name": "Cent", "display_format": "", "created_on": "2000-01-01 00:00:00", "updated_on": "2000-01-01 00:00:00", "datamode": "A"}}, {"model": "master_manager.currency", "pk": 124, "fields": {"name": "Saint Helena pound", "iso_4217_alpha": "SHP", "iso_4217_numeric": 654, "symbol": "\u00a3", "major_unit_name": "Pound", "minor_unit_name": "Penny", "display_format": "", "created_on": "2000-01-01 00:00:00", "updated_on": "2000-01-01 00:00:00", "datamode": "A"}}, {"model": "master_manager.currency", "pk": 125, "fields": {"name": "Sierra Leonean leone", "iso_4217_alpha": "SLL", "iso_4217_numeric": 694, "symbol": "Le", "major_unit_name": "Leone", "minor_unit_name": "Cent", "display_format": "", "created_on": "2000-01-01 00:00:00", "updated_on": "2000-01-01 00:00:00", "datamode": "A"}}, {"model": "master_manager.currency", "pk": 126, "fields": {"name": "Somali shilling", "iso_4217_alpha": "SOS", "iso_4217_numeric": 706, "symbol": "Sh", "major_unit_name": "Shilling", "minor_unit_name": "Cent", "display_format": "", "created_on": "2000-01-01 00:00:00", "updated_on": "2000-01-01 00:00:00", "datamode": "A"}}, {"model": "master_manager.currency", "pk": 127, "fields": {"name": "Surinam Dollar", "iso_4217_alpha": "SRD", "iso_4217_numeric": 968, "symbol": "$", "major_unit_name": "Dollar", "minor_unit_name": "Cent", "display_format": "", "created_on": "2000-01-01 00:00:00", "updated_on": "2000-01-01 00:00:00", "datamode": "A"}}, {"model": "master_manager.currency", "pk": 128, "fields": {"name": "South Sudanese pound", "iso_4217_alpha": "SSP", "iso_4217_numeric": 728, "symbol": "\u00a3", "major_unit_name": "Pound", "minor_unit_name": "Piastre", "display_format": "", "created_on": "2000-01-01 00:00:00", "updated_on": "2000-01-01 00:00:00", "datamode": "A"}}, {"model": "master_manager.currency", "pk": 129, "fields": {"name": "Sao Tome and Principe dobra", "iso_4217_alpha": "STD", "iso_4217_numeric": 678, "symbol": "Db", "major_unit_name": "Dobra", "minor_unit_name": "Centimo", "display_format": "", "created_on": "2000-01-01 00:00:00", "updated_on": "2000-01-01 00:00:00", "datamode": "A"}}, {"model": "master_manager.currency", "pk": 130, "fields": {"name": "Syrian pound", "iso_4217_alpha": "SYP", "iso_4217_numeric": 760, "symbol": "\u00a3 or", "major_unit_name": "Pound", "minor_unit_name": "Piastre", "display_format": "", "created_on": "2000-01-01 00:00:00", "updated_on": "2000-01-01 00:00:00", "datamode": "A"}}, {"model": "master_manager.currency", "pk": 131, "fields": {"name": "Swazi lilangeni", "iso_4217_alpha": "SZL", "iso_4217_numeric": 748, "symbol": "L", "major_unit_name": "Lilangeni", "minor_unit_name": "Cent", "display_format": "", "created_on": "2000-01-01 00:00:00", "updated_on": "2000-01-01 00:00:00", "datamode": "A"}}, {"model": "master_manager.currency", "pk": 132, "fields": {"name": "Thai baht", "iso_4217_alpha": "THB", "iso_4217_numeric": 764, "symbol": "\u0e3f", "major_unit_name": "Baht", "minor_unit_name": "Satang", "display_format": "", "created_on": "2000-01-01 00:00:00", "updated_on": "2000-01-01 00:00:00", "datamode": "A"}}, {"model": "master_manager.currency", "pk": 133, "fields": {"name": "Tajikistani somoni", "iso_4217_alpha": "TJS", "iso_4217_numeric": 972, "symbol": "\u0405\u041c", "major_unit_name": "Somoni", "minor_unit_name": "Diram", "display_format": "", "created_on": "2000-01-01 00:00:00", "updated_on": "2000-01-01 00:00:00", "datamode": "A"}}, {"model": "master_manager.currency", "pk": 134, "fields": {"name": "Turkmen manat", "iso_4217_alpha": "TMT", "iso_4217_numeric": 934, "symbol": "m", "major_unit_name": "Manat", "minor_unit_name": "Tennesi", "display_format": "", "created_on": "2000-01-01 00:00:00", "updated_on": "2000-01-01 00:00:00", "datamode": "A"}}, {"model": "master_manager.currency", "pk": 135, "fields": {"name": "Tunisian dinar", "iso_4217_alpha": "TND", "iso_4217_numeric": 788, "symbol": "\u062f.\u062a", "major_unit_name": "Dinar", "minor_unit_name": "Millime", "display_format": "", "created_on": "2000-01-01 00:00:00", "updated_on": "2000-01-01 00:00:00", "datamode": "A"}}, {"model": "master_manager.currency", "pk": 136, "fields": {"name": "Tongan pa\u2019anga", "iso_4217_alpha": "TOP", "iso_4217_numeric": 776, "symbol": "T$", "major_unit_name": "Paanga", "minor_unit_name": "Seniti", "display_format": "", "created_on": "2000-01-01 00:00:00", "updated_on": "2000-01-01 00:00:00", "datamode": "A"}}, {"model": "master_manager.currency", "pk": 137, "fields": {"name": "Turkish lira", "iso_4217_alpha": "TRY", "iso_4217_numeric": 949, "symbol": "", "major_unit_name": "Lira", "minor_unit_name": "Kurus", "display_format": "", "created_on": "2000-01-01 00:00:00", "updated_on": "2000-01-01 00:00:00", "datamode": "A"}}, {"model": "master_manager.currency", "pk": 138, "fields": {"name": "Trinidad and Tobago dollar", "iso_4217_alpha": "TTD", "iso_4217_numeric": 780, "symbol": "$", "major_unit_name": "Dollar", "minor_unit_name": "Cent", "display_format": "", "created_on": "2000-01-01 00:00:00", "updated_on": "2000-01-01 00:00:00", "datamode": "A"}}, {"model": "master_manager.currency", "pk": 139, "fields": {"name": "New Taiwan dollar", "iso_4217_alpha": "TWD", "iso_4217_numeric": 901, "symbol": "$", "major_unit_name": "Dollar", "minor_unit_name": "Cent", "display_format": "", "created_on": "2000-01-01 00:00:00", "updated_on": "2000-01-01 00:00:00", "datamode": "A"}}, {"model": "master_manager.currency", "pk": 140, "fields": {"name": "Tanzanian shilling", "iso_4217_alpha": "TZS", "iso_4217_numeric": 834, "symbol": "Sh", "major_unit_name": "Shilling", "minor_unit_name": "Cent", "display_format": "", "created_on": "2000-01-01 00:00:00", "updated_on": "2000-01-01 00:00:00", "datamode": "A"}}, {"model": "master_manager.currency", "pk": 141, "fields": {"name": "Ukrainian hryvnia", "iso_4217_alpha": "UAH", "iso_4217_numeric": 980, "symbol": "\u20b4", "major_unit_name": "Hryvnia", "minor_unit_name": "Kopiyka", "display_format": "", "created_on": "2000-01-01 00:00:00", "updated_on": "2000-01-01 00:00:00", "datamode": "A"}}, {"model": "master_manager.currency", "pk": 142, "fields": {"name": "Ugandan shilling", "iso_4217_alpha": "UGX", "iso_4217_numeric": 800, "symbol": "Sh", "major_unit_name": "Shilling", "minor_unit_name": "Cent", "display_format": "", "created_on": "2000-01-01 00:00:00", "updated_on": "2000-01-01 00:00:00", "datamode": "A"}}, {"model": "master_manager.currency", "pk": 143, "fields": {"name": "United States dollar", "iso_4217_alpha": "USD", "iso_4217_numeric": 840, "symbol": "$", "major_unit_name": "Dollar", "minor_unit_name": "Cent", "display_format": "", "created_on": "2000-01-01 00:00:00", "updated_on": "2000-01-01 00:00:00", "datamode": "A"}}, {"model": "master_manager.currency", "pk": 144, "fields": {"name": "Uruguay Peso en Unidades Indexadas (URUIURUI)", "iso_4217_alpha": "UYI", "iso_4217_numeric": 940, "symbol": "", "major_unit_name": "Peso", "minor_unit_name": "Centesimo", "display_format": "", "created_on": "2000-01-01 00:00:00", "updated_on": "2000-01-01 00:00:00", "datamode": "A"}}, {"model": "master_manager.currency", "pk": 145, "fields": {"name": "Uruguayan peso", "iso_4217_alpha": "UYU", "iso_4217_numeric": 858, "symbol": "$", "major_unit_name": "Peso", "minor_unit_name": "Centesimo", "display_format": "", "created_on": "2000-01-01 00:00:00", "updated_on": "2000-01-01 00:00:00", "datamode": "A"}}, {"model": "master_manager.currency", "pk": 146, "fields": {"name": "Uzbekistani som", "iso_4217_alpha": "UZS", "iso_4217_numeric": 860, "symbol": "", "major_unit_name": "Som", "minor_unit_name": "Tiyin", "display_format": "", "created_on": "2000-01-01 00:00:00", "updated_on": "2000-01-01 00:00:00", "datamode": "A"}}, {"model": "master_manager.currency", "pk": 147, "fields": {"name": "Venezuelan bolivar", "iso_4217_alpha": "VEF", "iso_4217_numeric": 937, "symbol": "Bs F", "major_unit_name": "Bolivar", "minor_unit_name": "Centimo", "display_format": "", "created_on": "2000-01-01 00:00:00", "updated_on": "2000-01-01 00:00:00", "datamode": "A"}}, {"model": "master_manager.currency", "pk": 148, "fields": {"name": "Vietnamese dong", "iso_4217_alpha": "VND", "iso_4217_numeric": 704, "symbol": "\u20ab", "major_unit_name": "Dong", "minor_unit_name": "", "display_format": "", "created_on": "2000-01-01 00:00:00", "updated_on": "2000-01-01 00:00:00", "datamode": "A"}}, {"model": "master_manager.currency", "pk": 149, "fields": {"name": "Vanuatu vatu", "iso_4217_alpha": "VUV", "iso_4217_numeric": 548, "symbol": "Vt", "major_unit_name": "Vatu", "minor_unit_name": "", "display_format": "", "created_on": "2000-01-01 00:00:00", "updated_on": "2000-01-01 00:00:00", "datamode": "A"}}, {"model": "master_manager.currency", "pk": 150, "fields": {"name": "Samoan tala", "iso_4217_alpha": "WST", "iso_4217_numeric": 882, "symbol": "T", "major_unit_name": "Tala", "minor_unit_name": "Sene", "display_format": "", "created_on": "2000-01-01 00:00:00", "updated_on": "2000-01-01 00:00:00", "datamode": "A"}}, {"model": "master_manager.currency", "pk": 151, "fields": {"name": "Central African CFA franc", "iso_4217_alpha": "XAF", "iso_4217_numeric": 950, "symbol": "Fr", "major_unit_name": "Franc", "minor_unit_name": "Centime", "display_format": "", "created_on": "2000-01-01 00:00:00", "updated_on": "2000-01-01 00:00:00", "datamode": "A"}}, {"model": "master_manager.currency", "pk": 152, "fields": {"name": "East Caribbean dollar", "iso_4217_alpha": "XCD", "iso_4217_numeric": 951, "symbol": "$", "major_unit_name": "Dollar", "minor_unit_name": "Cent", "display_format": "", "created_on": "2000-01-01 00:00:00", "updated_on": "2000-01-01 00:00:00", "datamode": "A"}}, {"model": "master_manager.currency", "pk": 153, "fields": {"name": "SDR (Special Drawing Right)", "iso_4217_alpha": "XDR", "iso_4217_numeric": 960, "symbol": "Fr", "major_unit_name": "SDR", "minor_unit_name": "", "display_format": "", "created_on": "2000-01-01 00:00:00", "updated_on": "2000-01-01 00:00:00", "datamode": "A"}}, {"model": "master_manager.currency", "pk": 154, "fields": {"name": "West African CFA franc", "iso_4217_alpha": "XOF", "iso_4217_numeric": 952, "symbol": "Fr", "major_unit_name": "Franc", "minor_unit_name": "Centime", "display_format": "", "created_on": "2000-01-01 00:00:00", "updated_on": "2000-01-01 00:00:00", "datamode": "A"}}, {"model": "master_manager.currency", "pk": 155, "fields": {"name": "CFP franc", "iso_4217_alpha": "XPF", "iso_4217_numeric": 953, "symbol": "\ufdfc", "major_unit_name": "Franc", "minor_unit_name": "Centime", "display_format": "", "created_on": "2000-01-01 00:00:00", "updated_on": "2000-01-01 00:00:00", "datamode": "A"}}, {"model": "master_manager.currency", "pk": 156, "fields": {"name": "Yemeni Rial", "iso_4217_alpha": "YER", "iso_4217_numeric": 886, "symbol": "R", "major_unit_name": "Rial", "minor_unit_name": "Fils", "display_format": "", "created_on": "2000-01-01 00:00:00", "updated_on": "2000-01-01 00:00:00", "datamode": "A"}}, {"model": "master_manager.currency", "pk": 157, "fields": {"name": "South African rand", "iso_4217_alpha": "ZAR", "iso_4217_numeric": 710, "symbol": "ZK", "major_unit_name": "Rand", "minor_unit_name": "Cent", "display_format": "", "created_on": "2000-01-01 00:00:00", "updated_on": "2000-01-01 00:00:00", "datamode": "A"}}, {"model": "master_manager.currency", "pk": 158, "fields": {"name": "Zambian kwacha", "iso_4217_alpha": "ZMW", "iso_4217_numeric": 967, "symbol": "", "major_unit_name": "Kwacha", "minor_unit_name": "Ngwee", "display_format": "", "created_on": "2000-01-01 00:00:00", "updated_on": "2000-01-01 00:00:00", "datamode": "A"}}, {"model": "master_manager.currency", "pk": 159, "fields": {"name": "Zimbabwe Dollar", "iso_4217_alpha": "ZWL", "iso_4217_numeric": 932, "symbol": "R", "major_unit_name": "Dollar", "minor_unit_name": "Cent", "display_format": "", "created_on": "2000-01-01 00:00:00", "updated_on": "2000-01-01 00:00:00", "datamode": "A"}}]