[{"model": "master_manager.kvmaster", "pk": 1, "fields": {"key_category": "name_prefix", "key_code": "np1", "key_name": "Mr", "key_value": "MR", "key_desc": "", "data_loaded_by": "SYSTEM", "created_on": "2000-01-01 00:00:00", "updated_on": "2000-01-01 00:00:00", "datamode": "A"}}, {"model": "master_manager.kvmaster", "pk": 2, "fields": {"key_category": "name_prefix", "key_code": "np2", "key_name": "Mrs", "key_value": "MRS", "key_desc": "", "data_loaded_by": "SYSTEM", "created_on": "2000-01-01 00:00:00", "updated_on": "2000-01-01 00:00:00", "datamode": "A"}}, {"model": "master_manager.kvmaster", "pk": 3, "fields": {"key_category": "name_prefix", "key_code": "np3", "key_name": "Dr", "key_value": "DR", "key_desc": "", "data_loaded_by": "SYSTEM", "created_on": "2000-01-01 00:00:00", "updated_on": "2000-01-01 00:00:00", "datamode": "A"}}, {"model": "master_manager.kvmaster", "pk": 4, "fields": {"key_category": "name_suffix", "key_code": "np4", "key_name": "Jr", "key_value": "JR", "key_desc": "", "data_loaded_by": "SYSTEM", "created_on": "2000-01-01 00:00:00", "updated_on": "2000-01-01 00:00:00", "datamode": "A"}}, {"model": "master_manager.kvmaster", "pk": 5, "fields": {"key_category": "name_suffix", "key_code": "np5", "key_name": "Sr", "key_value": "SR", "key_desc": "", "data_loaded_by": "SYSTEM", "created_on": "2000-01-01 00:00:00", "updated_on": "2000-01-01 00:00:00", "datamode": "A"}}, {"model": "master_manager.kvmaster", "pk": 6, "fields": {"key_category": "gender", "key_code": "g1", "key_name": "Female", "key_value": "F", "key_desc": "", "data_loaded_by": "SYSTEM", "created_on": "2000-01-01 00:00:00", "updated_on": "2000-01-01 00:00:00", "datamode": "A"}}, {"model": "master_manager.kvmaster", "pk": 7, "fields": {"key_category": "gender", "key_code": "g2", "key_name": "Male", "key_value": "M", "key_desc": "", "data_loaded_by": "SYSTEM", "created_on": "2000-01-01 00:00:00", "updated_on": "2000-01-01 00:00:00", "datamode": "A"}}, {"model": "master_manager.kvmaster", "pk": 8, "fields": {"key_category": "gender", "key_code": "g3", "key_name": "TransGender", "key_value": "TG", "key_desc": "", "data_loaded_by": "SYSTEM", "created_on": "2000-01-01 00:00:00", "updated_on": "2000-01-01 00:00:00", "datamode": "A"}}, {"model": "master_manager.kvmaster", "pk": 9, "fields": {"key_category": "gender", "key_code": "g4", "key_name": "Unknown", "key_value": "U", "key_desc": "", "data_loaded_by": "SYSTEM", "created_on": "2000-01-01 00:00:00", "updated_on": "2000-01-01 00:00:00", "datamode": "A"}}, {"model": "master_manager.kvmaster", "pk": 10, "fields": {"key_category": "religion", "key_code": "r1", "key_name": "African traditional and Diasporic", "key_value": "African traditional and Diasporic", "key_desc": "", "data_loaded_by": "SYSTEM", "created_on": "2000-01-01 00:00:00", "updated_on": "2000-01-01 00:00:00", "datamode": "A"}}, {"model": "master_manager.kvmaster", "pk": 11, "fields": {"key_category": "religion", "key_code": "r2", "key_name": "Bahai", "key_value": "Bahai", "key_desc": "", "data_loaded_by": "SYSTEM", "created_on": "2000-01-01 00:00:00", "updated_on": "2000-01-01 00:00:00", "datamode": "A"}}, {"model": "master_manager.kvmaster", "pk": 12, "fields": {"key_category": "religion", "key_code": "r3", "key_name": "Buddhism", "key_value": "Buddhism", "key_desc": "", "data_loaded_by": "SYSTEM", "created_on": "2000-01-01 00:00:00", "updated_on": "2000-01-01 00:00:00", "datamode": "A"}}, {"model": "master_manager.kvmaster", "pk": 13, "fields": {"key_category": "religion", "key_code": "r4", "key_name": "Cao Dai", "key_value": "Cao Dai", "key_desc": "", "data_loaded_by": "SYSTEM", "created_on": "2000-01-01 00:00:00", "updated_on": "2000-01-01 00:00:00", "datamode": "A"}}, {"model": "master_manager.kvmaster", "pk": 14, "fields": {"key_category": "religion", "key_code": "r5", "key_name": "Chinese", "key_value": "Chinese", "key_desc": "", "data_loaded_by": "SYSTEM", "created_on": "2000-01-01 00:00:00", "updated_on": "2000-01-01 00:00:00", "datamode": "A"}}, {"model": "master_manager.kvmaster", "pk": 15, "fields": {"key_category": "religion", "key_code": "r6", "key_name": "Christianity", "key_value": "Christianity", "key_desc": "", "data_loaded_by": "SYSTEM", "created_on": "2000-01-01 00:00:00", "updated_on": "2000-01-01 00:00:00", "datamode": "A"}}, {"model": "master_manager.kvmaster", "pk": 16, "fields": {"key_category": "religion", "key_code": "r7", "key_name": "Hinduism", "key_value": "Hinduism", "key_desc": "", "data_loaded_by": "SYSTEM", "created_on": "2000-01-01 00:00:00", "updated_on": "2000-01-01 00:00:00", "datamode": "A"}}, {"model": "master_manager.kvmaster", "pk": 17, "fields": {"key_category": "religion", "key_code": "r8", "key_name": "Islam", "key_value": "Islam", "key_desc": "", "data_loaded_by": "SYSTEM", "created_on": "2000-01-01 00:00:00", "updated_on": "2000-01-01 00:00:00", "datamode": "A"}}, {"model": "master_manager.kvmaster", "pk": 18, "fields": {"key_category": "religion", "key_code": "r9", "key_name": "Jainism", "key_value": "Jainism", "key_desc": "", "data_loaded_by": "SYSTEM", "created_on": "2000-01-01 00:00:00", "updated_on": "2000-01-01 00:00:00", "datamode": "A"}}, {"model": "master_manager.kvmaster", "pk": 19, "fields": {"key_category": "religion", "key_code": "r10", "key_name": "Juche", "key_value": "Juche", "key_desc": "", "data_loaded_by": "SYSTEM", "created_on": "2000-01-01 00:00:00", "updated_on": "2000-01-01 00:00:00", "datamode": "A"}}, {"model": "master_manager.kvmaster", "pk": 20, "fields": {"key_category": "religion", "key_code": "r11", "key_name": "Judaism", "key_value": "Judaism", "key_desc": "", "data_loaded_by": "SYSTEM", "created_on": "2000-01-01 00:00:00", "updated_on": "2000-01-01 00:00:00", "datamode": "A"}}, {"model": "master_manager.kvmaster", "pk": 21, "fields": {"key_category": "religion", "key_code": "r12", "key_name": "Neo-Paganism", "key_value": "Neo-Paganism", "key_desc": "", "data_loaded_by": "SYSTEM", "created_on": "2000-01-01 00:00:00", "updated_on": "2000-01-01 00:00:00", "datamode": "A"}}, {"model": "master_manager.kvmaster", "pk": 22, "fields": {"key_category": "religion", "key_code": "r13", "key_name": "Nonreligious", "key_value": "Nonreligious", "key_desc": "", "data_loaded_by": "SYSTEM", "created_on": "2000-01-01 00:00:00", "updated_on": "2000-01-01 00:00:00", "datamode": "A"}}, {"model": "master_manager.kvmaster", "pk": 23, "fields": {"key_category": "religion", "key_code": "r14", "key_name": "Primal-indigenous", "key_value": "Primal-indigenous", "key_desc": "", "data_loaded_by": "SYSTEM", "created_on": "2000-01-01 00:00:00", "updated_on": "2000-01-01 00:00:00", "datamode": "A"}}, {"model": "master_manager.kvmaster", "pk": 24, "fields": {"key_category": "religion", "key_code": "r15", "key_name": "Shinto", "key_value": "Shinto", "key_desc": "", "data_loaded_by": "SYSTEM", "created_on": "2000-01-01 00:00:00", "updated_on": "2000-01-01 00:00:00", "datamode": "A"}}, {"model": "master_manager.kvmaster", "pk": 25, "fields": {"key_category": "religion", "key_code": "r16", "key_name": "Sikhism", "key_value": "Sikhism", "key_desc": "", "data_loaded_by": "SYSTEM", "created_on": "2000-01-01 00:00:00", "updated_on": "2000-01-01 00:00:00", "datamode": "A"}}, {"model": "master_manager.kvmaster", "pk": 26, "fields": {"key_category": "religion", "key_code": "r17", "key_name": "Spiritism", "key_value": "Spiritism", "key_desc": "", "data_loaded_by": "SYSTEM", "created_on": "2000-01-01 00:00:00", "updated_on": "2000-01-01 00:00:00", "datamode": "A"}}, {"model": "master_manager.kvmaster", "pk": 27, "fields": {"key_category": "religion", "key_code": "r18", "key_name": "Tenrikyo", "key_value": "Tenrikyo", "key_desc": "", "data_loaded_by": "SYSTEM", "created_on": "2000-01-01 00:00:00", "updated_on": "2000-01-01 00:00:00", "datamode": "A"}}, {"model": "master_manager.kvmaster", "pk": 28, "fields": {"key_category": "religion", "key_code": "r19", "key_name": "Unitarian-Universalism", "key_value": "Unitarian-Universalism", "key_desc": "", "data_loaded_by": "SYSTEM", "created_on": "2000-01-01 00:00:00", "updated_on": "2000-01-01 00:00:00", "datamode": "A"}}, {"model": "master_manager.kvmaster", "pk": 29, "fields": {"key_category": "religion", "key_code": "r20", "key_name": "Zoroastrianism", "key_value": "Zoroastrianism", "key_desc": "", "data_loaded_by": "SYSTEM", "created_on": "2000-01-01 00:00:00", "updated_on": "2000-01-01 00:00:00", "datamode": "A"}}, {"model": "master_manager.kvmaster", "pk": 30, "fields": {"key_category": "ethnics", "key_code": "eth1", "key_name": "American Indian / Alaska Native", "key_value": "American Indian / Alaska Native", "key_desc": "", "data_loaded_by": "SYSTEM", "created_on": "2000-01-01 00:00:00", "updated_on": "2000-01-01 00:00:00", "datamode": "A"}}, {"model": "master_manager.kvmaster", "pk": 31, "fields": {"key_category": "ethnics", "key_code": "eth2", "key_name": "Asian / Pacific Islander", "key_value": "Asian / Pacific Islander", "key_desc": "", "data_loaded_by": "SYSTEM", "created_on": "2000-01-01 00:00:00", "updated_on": "2000-01-01 00:00:00", "datamode": "A"}}, {"model": "master_manager.kvmaster", "pk": 32, "fields": {"key_category": "ethnics", "key_code": "eth3", "key_name": "African American / Black", "key_value": "African American / Black", "key_desc": "", "data_loaded_by": "SYSTEM", "created_on": "2000-01-01 00:00:00", "updated_on": "2000-01-01 00:00:00", "datamode": "A"}}, {"model": "master_manager.kvmaster", "pk": 33, "fields": {"key_category": "ethnics", "key_code": "eth4", "key_name": "Hispanic", "key_value": "Hispanic", "key_desc": "", "data_loaded_by": "SYSTEM", "created_on": "2000-01-01 00:00:00", "updated_on": "2000-01-01 00:00:00", "datamode": "A"}}, {"model": "master_manager.kvmaster", "pk": 34, "fields": {"key_category": "ethnics", "key_code": "eth5", "key_name": "White", "key_value": "White", "key_desc": "", "data_loaded_by": "SYSTEM", "created_on": "2000-01-01 00:00:00", "updated_on": "2000-01-01 00:00:00", "datamode": "A"}}, {"model": "master_manager.kvmaster", "pk": 35, "fields": {"key_category": "ethnics", "key_code": "eth6", "key_name": "Unspecified", "key_value": "Unspecified", "key_desc": "", "data_loaded_by": "SYSTEM", "created_on": "2000-01-01 00:00:00", "updated_on": "2000-01-01 00:00:00", "datamode": "A"}}, {"model": "master_manager.kvmaster", "pk": 36, "fields": {"key_category": "martial_status", "key_code": "ms1", "key_name": "Married", "key_value": "MARRIED", "key_desc": "", "data_loaded_by": "SYSTEM", "created_on": "2000-01-01 00:00:00", "updated_on": "2000-01-01 00:00:00", "datamode": "A"}}, {"model": "master_manager.kvmaster", "pk": 37, "fields": {"key_category": "martial_status", "key_code": "ms2", "key_name": "Widowed", "key_value": "WIDOWED", "key_desc": "", "data_loaded_by": "SYSTEM", "created_on": "2000-01-01 00:00:00", "updated_on": "2000-01-01 00:00:00", "datamode": "A"}}, {"model": "master_manager.kvmaster", "pk": 38, "fields": {"key_category": "martial_status", "key_code": "ms3", "key_name": "Separated", "key_value": "SEPARATED", "key_desc": "", "data_loaded_by": "SYSTEM", "created_on": "2000-01-01 00:00:00", "updated_on": "2000-01-01 00:00:00", "datamode": "A"}}, {"model": "master_manager.kvmaster", "pk": 39, "fields": {"key_category": "martial_status", "key_code": "ms4", "key_name": "Divorced", "key_value": "DIVORCED", "key_desc": "", "data_loaded_by": "SYSTEM", "created_on": "2000-01-01 00:00:00", "updated_on": "2000-01-01 00:00:00", "datamode": "A"}}, {"model": "master_manager.kvmaster", "pk": 40, "fields": {"key_category": "martial_status", "key_code": "ms5", "key_name": "Single", "key_value": "SINGLE", "key_desc": "", "data_loaded_by": "SYSTEM", "created_on": "2000-01-01 00:00:00", "updated_on": "2000-01-01 00:00:00", "datamode": "A"}}, {"model": "master_manager.kvmaster", "pk": 41, "fields": {"key_category": "veteran_status", "key_code": "vs1", "key_name": "Veteran", "key_value": "VETERAN", "key_desc": "", "data_loaded_by": "SYSTEM", "created_on": "2000-01-01 00:00:00", "updated_on": "2000-01-01 00:00:00", "datamode": "A"}}, {"model": "master_manager.kvmaster", "pk": 42, "fields": {"key_category": "veteran_status", "key_code": "vs2", "key_name": "Disabled Veteran", "key_value": "DISABLED VETERAN", "key_desc": "", "data_loaded_by": "SYSTEM", "created_on": "2000-01-01 00:00:00", "updated_on": "2000-01-01 00:00:00", "datamode": "A"}}, {"model": "master_manager.kvmaster", "pk": 43, "fields": {"key_category": "veteran_status", "key_code": "vs3", "key_name": "None", "key_value": "NONE", "key_desc": "", "data_loaded_by": "SYSTEM", "created_on": "2000-01-01 00:00:00", "updated_on": "2000-01-01 00:00:00", "datamode": "A"}}, {"model": "master_manager.kvmaster", "pk": 44, "fields": {"key_category": "contactlevel", "key_code": "cl1", "key_name": "Primary", "key_value": "PRIMARY", "key_desc": "", "data_loaded_by": "SYSTEM", "created_on": "2000-01-01 00:00:00", "updated_on": "2000-01-01 00:00:00", "datamode": "A"}}, {"model": "master_manager.kvmaster", "pk": 45, "fields": {"key_category": "contactlevel", "key_code": "cl2", "key_name": "Secondary", "key_value": "SECONDARY", "key_desc": "", "data_loaded_by": "SYSTEM", "created_on": "2000-01-01 00:00:00", "updated_on": "2000-01-01 00:00:00", "datamode": "A"}}, {"model": "master_manager.kvmaster", "pk": 46, "fields": {"key_category": "lob", "key_code": "lob1", "key_name": "General", "key_value": "GENERAL", "key_desc": "", "data_loaded_by": "SYSTEM", "created_on": "2000-01-01 00:00:00", "updated_on": "2000-01-01 00:00:00", "datamode": "A"}}, {"model": "master_manager.kvmaster", "pk": 47, "fields": {"key_category": "theme", "key_code": "theme1", "key_name": "Default", "key_value": "DEFAULT", "key_desc": "", "data_loaded_by": "SYSTEM", "created_on": "2000-01-01 00:00:00", "updated_on": "2000-01-01 00:00:00", "datamode": "A"}}]