[{"model": "master_manager.state", "pk": 1, "fields": {"name": "ANDHRA PRADESH", "country_id": 65, "created_on": "2000-01-01 00:00:00", "updated_on": "2000-01-01 00:00:00", "datamode": "A"}}, {"model": "master_manager.state", "pk": 2, "fields": {"name": "ARUNACHAL PRADESH", "country_id": 65, "created_on": "2000-01-01 00:00:00", "updated_on": "2000-01-01 00:00:00", "datamode": "A"}}, {"model": "master_manager.state", "pk": 3, "fields": {"name": "ASSAM", "country_id": 65, "created_on": "2000-01-01 00:00:00", "updated_on": "2000-01-01 00:00:00", "datamode": "A"}}, {"model": "master_manager.state", "pk": 4, "fields": {"name": "BIHAR", "country_id": 65, "created_on": "2000-01-01 00:00:00", "updated_on": "2000-01-01 00:00:00", "datamode": "A"}}, {"model": "master_manager.state", "pk": 5, "fields": {"name": "CHHATTISGARH", "country_id": 65, "created_on": "2000-01-01 00:00:00", "updated_on": "2000-01-01 00:00:00", "datamode": "A"}}, {"model": "master_manager.state", "pk": 6, "fields": {"name": "GOA", "country_id": 65, "created_on": "2000-01-01 00:00:00", "updated_on": "2000-01-01 00:00:00", "datamode": "A"}}, {"model": "master_manager.state", "pk": 7, "fields": {"name": "GUJARAT", "country_id": 65, "created_on": "2000-01-01 00:00:00", "updated_on": "2000-01-01 00:00:00", "datamode": "A"}}, {"model": "master_manager.state", "pk": 8, "fields": {"name": "HARYANA", "country_id": 65, "created_on": "2000-01-01 00:00:00", "updated_on": "2000-01-01 00:00:00", "datamode": "A"}}, {"model": "master_manager.state", "pk": 9, "fields": {"name": "HIMACHAL PRADESH", "country_id": 65, "created_on": "2000-01-01 00:00:00", "updated_on": "2000-01-01 00:00:00", "datamode": "A"}}, {"model": "master_manager.state", "pk": 10, "fields": {"name": "JAMMU AND KASHMIR", "country_id": 65, "created_on": "2000-01-01 00:00:00", "updated_on": "2000-01-01 00:00:00", "datamode": "A"}}, {"model": "master_manager.state", "pk": 11, "fields": {"name": "JHARKHAND", "country_id": 65, "created_on": "2000-01-01 00:00:00", "updated_on": "2000-01-01 00:00:00", "datamode": "A"}}, {"model": "master_manager.state", "pk": 12, "fields": {"name": "KARNATAKA", "country_id": 65, "created_on": "2000-01-01 00:00:00", "updated_on": "2000-01-01 00:00:00", "datamode": "A"}}, {"model": "master_manager.state", "pk": 13, "fields": {"name": "KERALA", "country_id": 65, "created_on": "2000-01-01 00:00:00", "updated_on": "2000-01-01 00:00:00", "datamode": "A"}}, {"model": "master_manager.state", "pk": 14, "fields": {"name": "MADHYA PRADESH", "country_id": 65, "created_on": "2000-01-01 00:00:00", "updated_on": "2000-01-01 00:00:00", "datamode": "A"}}, {"model": "master_manager.state", "pk": 15, "fields": {"name": "MAHARASHTRA", "country_id": 65, "created_on": "2000-01-01 00:00:00", "updated_on": "2000-01-01 00:00:00", "datamode": "A"}}, {"model": "master_manager.state", "pk": 16, "fields": {"name": "MANIPUR", "country_id": 65, "created_on": "2000-01-01 00:00:00", "updated_on": "2000-01-01 00:00:00", "datamode": "A"}}, {"model": "master_manager.state", "pk": 17, "fields": {"name": "MEGHALAYA", "country_id": 65, "created_on": "2000-01-01 00:00:00", "updated_on": "2000-01-01 00:00:00", "datamode": "A"}}, {"model": "master_manager.state", "pk": 18, "fields": {"name": "MIZORAM", "country_id": 65, "created_on": "2000-01-01 00:00:00", "updated_on": "2000-01-01 00:00:00", "datamode": "A"}}, {"model": "master_manager.state", "pk": 19, "fields": {"name": "NAGALAND", "country_id": 65, "created_on": "2000-01-01 00:00:00", "updated_on": "2000-01-01 00:00:00", "datamode": "A"}}, {"model": "master_manager.state", "pk": 20, "fields": {"name": "ODISHA(ORISSA)", "country_id": 65, "created_on": "2000-01-01 00:00:00", "updated_on": "2000-01-01 00:00:00", "datamode": "A"}}, {"model": "master_manager.state", "pk": 21, "fields": {"name": "PUNJAB", "country_id": 65, "created_on": "2000-01-01 00:00:00", "updated_on": "2000-01-01 00:00:00", "datamode": "A"}}, {"model": "master_manager.state", "pk": 22, "fields": {"name": "RAJASTHAN", "country_id": 65, "created_on": "2000-01-01 00:00:00", "updated_on": "2000-01-01 00:00:00", "datamode": "A"}}, {"model": "master_manager.state", "pk": 23, "fields": {"name": "SIKKIM", "country_id": 65, "created_on": "2000-01-01 00:00:00", "updated_on": "2000-01-01 00:00:00", "datamode": "A"}}, {"model": "master_manager.state", "pk": 24, "fields": {"name": "TAMIL NADU", "country_id": 65, "created_on": "2000-01-01 00:00:00", "updated_on": "2000-01-01 00:00:00", "datamode": "A"}}, {"model": "master_manager.state", "pk": 25, "fields": {"name": "TRIPURA", "country_id": 65, "created_on": "2000-01-01 00:00:00", "updated_on": "2000-01-01 00:00:00", "datamode": "A"}}, {"model": "master_manager.state", "pk": 26, "fields": {"name": "UTTAR PRADESH", "country_id": 65, "created_on": "2000-01-01 00:00:00", "updated_on": "2000-01-01 00:00:00", "datamode": "A"}}, {"model": "master_manager.state", "pk": 27, "fields": {"name": "UTTARAKHAND", "country_id": 65, "created_on": "2000-01-01 00:00:00", "updated_on": "2000-01-01 00:00:00", "datamode": "A"}}, {"model": "master_manager.state", "pk": 28, "fields": {"name": "WEST BENGAL", "country_id": 65, "created_on": "2000-01-01 00:00:00", "updated_on": "2000-01-01 00:00:00", "datamode": "A"}}, {"model": "master_manager.state", "pk": 29, "fields": {"name": "ALABAMA", "country_id": 176, "created_on": "2000-01-01 00:00:00", "updated_on": "2000-01-01 00:00:00", "datamode": "A"}}, {"model": "master_manager.state", "pk": 30, "fields": {"name": "ALASKA", "country_id": 176, "created_on": "2000-01-01 00:00:00", "updated_on": "2000-01-01 00:00:00", "datamode": "A"}}, {"model": "master_manager.state", "pk": 31, "fields": {"name": "ARIZONA", "country_id": 176, "created_on": "2000-01-01 00:00:00", "updated_on": "2000-01-01 00:00:00", "datamode": "A"}}, {"model": "master_manager.state", "pk": 32, "fields": {"name": "ARKANSAS", "country_id": 176, "created_on": "2000-01-01 00:00:00", "updated_on": "2000-01-01 00:00:00", "datamode": "A"}}, {"model": "master_manager.state", "pk": 33, "fields": {"name": "CALIFORNIA", "country_id": 176, "created_on": "2000-01-01 00:00:00", "updated_on": "2000-01-01 00:00:00", "datamode": "A"}}, {"model": "master_manager.state", "pk": 34, "fields": {"name": "COLORADO", "country_id": 176, "created_on": "2000-01-01 00:00:00", "updated_on": "2000-01-01 00:00:00", "datamode": "A"}}, {"model": "master_manager.state", "pk": 35, "fields": {"name": "CONNECTICUT", "country_id": 176, "created_on": "2000-01-01 00:00:00", "updated_on": "2000-01-01 00:00:00", "datamode": "A"}}, {"model": "master_manager.state", "pk": 36, "fields": {"name": "DELAWARE", "country_id": 176, "created_on": "2000-01-01 00:00:00", "updated_on": "2000-01-01 00:00:00", "datamode": "A"}}, {"model": "master_manager.state", "pk": 37, "fields": {"name": "DISTRICT OF COLUMBIA", "country_id": 176, "created_on": "2000-01-01 00:00:00", "updated_on": "2000-01-01 00:00:00", "datamode": "A"}}, {"model": "master_manager.state", "pk": 38, "fields": {"name": "FLORIDA", "country_id": 176, "created_on": "2000-01-01 00:00:00", "updated_on": "2000-01-01 00:00:00", "datamode": "A"}}, {"model": "master_manager.state", "pk": 39, "fields": {"name": "GEORGIA", "country_id": 176, "created_on": "2000-01-01 00:00:00", "updated_on": "2000-01-01 00:00:00", "datamode": "A"}}, {"model": "master_manager.state", "pk": 40, "fields": {"name": "HAWAII", "country_id": 176, "created_on": "2000-01-01 00:00:00", "updated_on": "2000-01-01 00:00:00", "datamode": "A"}}, {"model": "master_manager.state", "pk": 41, "fields": {"name": "IDAHO", "country_id": 176, "created_on": "2000-01-01 00:00:00", "updated_on": "2000-01-01 00:00:00", "datamode": "A"}}, {"model": "master_manager.state", "pk": 42, "fields": {"name": "ILLINOIS", "country_id": 176, "created_on": "2000-01-01 00:00:00", "updated_on": "2000-01-01 00:00:00", "datamode": "A"}}, {"model": "master_manager.state", "pk": 43, "fields": {"name": "INDIANA", "country_id": 176, "created_on": "2000-01-01 00:00:00", "updated_on": "2000-01-01 00:00:00", "datamode": "A"}}, {"model": "master_manager.state", "pk": 44, "fields": {"name": "IOWA", "country_id": 176, "created_on": "2000-01-01 00:00:00", "updated_on": "2000-01-01 00:00:00", "datamode": "A"}}, {"model": "master_manager.state", "pk": 45, "fields": {"name": "KANSAS", "country_id": 176, "created_on": "2000-01-01 00:00:00", "updated_on": "2000-01-01 00:00:00", "datamode": "A"}}, {"model": "master_manager.state", "pk": 46, "fields": {"name": "KENTUCKY", "country_id": 176, "created_on": "2000-01-01 00:00:00", "updated_on": "2000-01-01 00:00:00", "datamode": "A"}}, {"model": "master_manager.state", "pk": 47, "fields": {"name": "LOUISIANA", "country_id": 176, "created_on": "2000-01-01 00:00:00", "updated_on": "2000-01-01 00:00:00", "datamode": "A"}}, {"model": "master_manager.state", "pk": 48, "fields": {"name": "MAINE", "country_id": 176, "created_on": "2000-01-01 00:00:00", "updated_on": "2000-01-01 00:00:00", "datamode": "A"}}, {"model": "master_manager.state", "pk": 49, "fields": {"name": "MONTANA", "country_id": 176, "created_on": "2000-01-01 00:00:00", "updated_on": "2000-01-01 00:00:00", "datamode": "A"}}, {"model": "master_manager.state", "pk": 50, "fields": {"name": "NEBRASKA", "country_id": 176, "created_on": "2000-01-01 00:00:00", "updated_on": "2000-01-01 00:00:00", "datamode": "A"}}, {"model": "master_manager.state", "pk": 51, "fields": {"name": "NEVADA", "country_id": 176, "created_on": "2000-01-01 00:00:00", "updated_on": "2000-01-01 00:00:00", "datamode": "A"}}, {"model": "master_manager.state", "pk": 52, "fields": {"name": "NEW HAMPSHIRE", "country_id": 176, "created_on": "2000-01-01 00:00:00", "updated_on": "2000-01-01 00:00:00", "datamode": "A"}}, {"model": "master_manager.state", "pk": 53, "fields": {"name": "NEW JERSEY", "country_id": 176, "created_on": "2000-01-01 00:00:00", "updated_on": "2000-01-01 00:00:00", "datamode": "A"}}, {"model": "master_manager.state", "pk": 54, "fields": {"name": "NEW MEXICO", "country_id": 176, "created_on": "2000-01-01 00:00:00", "updated_on": "2000-01-01 00:00:00", "datamode": "A"}}, {"model": "master_manager.state", "pk": 55, "fields": {"name": "NEW YORK", "country_id": 176, "created_on": "2000-01-01 00:00:00", "updated_on": "2000-01-01 00:00:00", "datamode": "A"}}, {"model": "master_manager.state", "pk": 56, "fields": {"name": "NORTH CAROLINA", "country_id": 176, "created_on": "2000-01-01 00:00:00", "updated_on": "2000-01-01 00:00:00", "datamode": "A"}}, {"model": "master_manager.state", "pk": 57, "fields": {"name": "NORTH DAKOTA", "country_id": 176, "created_on": "2000-01-01 00:00:00", "updated_on": "2000-01-01 00:00:00", "datamode": "A"}}, {"model": "master_manager.state", "pk": 58, "fields": {"name": "OHIO", "country_id": 176, "created_on": "2000-01-01 00:00:00", "updated_on": "2000-01-01 00:00:00", "datamode": "A"}}, {"model": "master_manager.state", "pk": 59, "fields": {"name": "OKLAHOMA", "country_id": 176, "created_on": "2000-01-01 00:00:00", "updated_on": "2000-01-01 00:00:00", "datamode": "A"}}, {"model": "master_manager.state", "pk": 60, "fields": {"name": "OREGON", "country_id": 176, "created_on": "2000-01-01 00:00:00", "updated_on": "2000-01-01 00:00:00", "datamode": "A"}}, {"model": "master_manager.state", "pk": 61, "fields": {"name": "MARYLAND", "country_id": 176, "created_on": "2000-01-01 00:00:00", "updated_on": "2000-01-01 00:00:00", "datamode": "A"}}, {"model": "master_manager.state", "pk": 62, "fields": {"name": "MASSACHUSETTS", "country_id": 176, "created_on": "2000-01-01 00:00:00", "updated_on": "2000-01-01 00:00:00", "datamode": "A"}}, {"model": "master_manager.state", "pk": 63, "fields": {"name": "MICHIGAN", "country_id": 176, "created_on": "2000-01-01 00:00:00", "updated_on": "2000-01-01 00:00:00", "datamode": "A"}}, {"model": "master_manager.state", "pk": 64, "fields": {"name": "MINNESOTA", "country_id": 176, "created_on": "2000-01-01 00:00:00", "updated_on": "2000-01-01 00:00:00", "datamode": "A"}}, {"model": "master_manager.state", "pk": 65, "fields": {"name": "MISSISSIPPI", "country_id": 176, "created_on": "2000-01-01 00:00:00", "updated_on": "2000-01-01 00:00:00", "datamode": "A"}}, {"model": "master_manager.state", "pk": 66, "fields": {"name": "MISSOURI", "country_id": 176, "created_on": "2000-01-01 00:00:00", "updated_on": "2000-01-01 00:00:00", "datamode": "A"}}, {"model": "master_manager.state", "pk": 67, "fields": {"name": "PENNSYLVANIA", "country_id": 176, "created_on": "2000-01-01 00:00:00", "updated_on": "2000-01-01 00:00:00", "datamode": "A"}}, {"model": "master_manager.state", "pk": 68, "fields": {"name": "RHODE ISLAND", "country_id": 176, "created_on": "2000-01-01 00:00:00", "updated_on": "2000-01-01 00:00:00", "datamode": "A"}}, {"model": "master_manager.state", "pk": 69, "fields": {"name": "SOUTH CAROLINA", "country_id": 176, "created_on": "2000-01-01 00:00:00", "updated_on": "2000-01-01 00:00:00", "datamode": "A"}}, {"model": "master_manager.state", "pk": 70, "fields": {"name": "SOUTH DAKOTA", "country_id": 176, "created_on": "2000-01-01 00:00:00", "updated_on": "2000-01-01 00:00:00", "datamode": "A"}}, {"model": "master_manager.state", "pk": 71, "fields": {"name": "TENNESSEE", "country_id": 176, "created_on": "2000-01-01 00:00:00", "updated_on": "2000-01-01 00:00:00", "datamode": "A"}}, {"model": "master_manager.state", "pk": 72, "fields": {"name": "TEXAS", "country_id": 176, "created_on": "2000-01-01 00:00:00", "updated_on": "2000-01-01 00:00:00", "datamode": "A"}}, {"model": "master_manager.state", "pk": 73, "fields": {"name": "UTAH", "country_id": 176, "created_on": "2000-01-01 00:00:00", "updated_on": "2000-01-01 00:00:00", "datamode": "A"}}, {"model": "master_manager.state", "pk": 74, "fields": {"name": "VERMONT", "country_id": 176, "created_on": "2000-01-01 00:00:00", "updated_on": "2000-01-01 00:00:00", "datamode": "A"}}, {"model": "master_manager.state", "pk": 75, "fields": {"name": "VIRGINIA", "country_id": 176, "created_on": "2000-01-01 00:00:00", "updated_on": "2000-01-01 00:00:00", "datamode": "A"}}, {"model": "master_manager.state", "pk": 76, "fields": {"name": "WASHINGTON", "country_id": 176, "created_on": "2000-01-01 00:00:00", "updated_on": "2000-01-01 00:00:00", "datamode": "A"}}, {"model": "master_manager.state", "pk": 77, "fields": {"name": "WEST VIRGINIA", "country_id": 176, "created_on": "2000-01-01 00:00:00", "updated_on": "2000-01-01 00:00:00", "datamode": "A"}}, {"model": "master_manager.state", "pk": 78, "fields": {"name": "WISCONSIN", "country_id": 176, "created_on": "2000-01-01 00:00:00", "updated_on": "2000-01-01 00:00:00", "datamode": "A"}}, {"model": "master_manager.state", "pk": 79, "fields": {"name": "WYOMING", "country_id": 176, "created_on": "2000-01-01 00:00:00", "updated_on": "2000-01-01 00:00:00", "datamode": "A"}}]