[{"model": "master_manager.city", "pk": 1, "fields": {"name": "CHENNAI", "country_id": 65, "state_id": 24, "created_on": "2000-01-01 00:00:00", "updated_on": "2000-01-01 00:00:00", "datamode": "A"}}, {"model": "master_manager.city", "pk": 2, "fields": {"name": "BANGALORE", "country_id": 65, "state_id": 12, "created_on": "2000-01-01 00:00:00", "updated_on": "2000-01-01 00:00:00", "datamode": "A"}}, {"model": "master_manager.city", "pk": 3, "fields": {"name": "HYDERABAD", "country_id": 65, "state_id": 1, "created_on": "2017-11-13 11:15:01", "updated_on": "2017-11-13 11:15:01", "datamode": "A"}}]