[{"model": "master_manager.nameformat", "pk": 1, "fields": {"name": "Fullname", "display_format": "FN MN LN", "created_on": "2017-01-01 0:00:00", "updated_on": "2017-01-01 0:00:00", "datamode": "A"}}, {"model": "master_manager.nameformat", "pk": 2, "fields": {"name": "FirstName LastName", "display_format": "FN LN", "created_on": "2017-01-01 0:00:00", "updated_on": "2017-01-01 0:00:00", "datamode": "A"}}, {"model": "master_manager.nameformat", "pk": 3, "fields": {"name": "FirstName MiddleInitial LastName", "display_format": "FN.MI.LN", "created_on": "2017-01-01 0:00:00", "updated_on": "2017-01-01 0:00:00", "datamode": "A"}}, {"model": "master_manager.nameformat", "pk": 4, "fields": {"name": "FirstName.LI", "display_format": "FN.LI", "created_on": "2017-01-01 0:00:00", "updated_on": "2017-01-01 0:00:00", "datamode": "A"}}, {"model": "master_manager.nameformat", "pk": 5, "fields": {"name": "FirstInitial.LastName", "display_format": "FI.LN", "created_on": "2017-01-01 0:00:00", "updated_on": "2017-01-01 0:00:00", "datamode": "A"}}, {"model": "master_manager.nameformat", "pk": 6, "fields": {"name": "FirstName", "display_format": "FN", "created_on": "2017-01-01 0:00:00", "updated_on": "2017-01-01 0:00:00", "datamode": "A"}}]