[{"model": "master_manager.timeformat", "pk": 1, "fields": {"name": "HH:MM:SS.f(24)", "display_format": "%H:%M:%S.%f", "display_pattern": "HH:MM:SS.f", "created_on": "2017-01-01 0:00:00", "updated_on": "2017-01-01 0:00:00", "datamode": "D"}}, {"model": "master_manager.timeformat", "pk": 2, "fields": {"name": "HH:MM:SS(24)", "display_format": "%H:%M:%S", "display_pattern": "HH:MM:SS", "created_on": "2017-01-01 0:00:00", "updated_on": "2017-01-01 0:00:00", "datamode": "A"}}, {"model": "master_manager.timeformat", "pk": 3, "fields": {"name": "HH:MM(24)", "display_format": "%H:%M", "display_pattern": "HH:MM", "created_on": "2017-01-01 0:00:00", "updated_on": "2017-01-01 0:00:00", "datamode": "A"}}, {"model": "master_manager.timeformat", "pk": 4, "fields": {"name": "hh:MM:SS.f(12)", "display_format": "%I:%M:%S.%f", "display_pattern": "hh:MM:SS.f", "created_on": "2017-01-01 0:00:00", "updated_on": "2017-01-01 0:00:00", "datamode": "D"}}, {"model": "master_manager.timeformat", "pk": 5, "fields": {"name": "hh:MM:SS(12)", "display_format": "%I:%M:%S", "display_pattern": "hh:MM:SS", "created_on": "2017-01-01 0:00:00", "updated_on": "2017-01-01 0:00:00", "datamode": "A"}}, {"model": "master_manager.timeformat", "pk": 6, "fields": {"name": "hh:MM(12)", "display_format": "%I:%M", "display_pattern": "hh:MM", "created_on": "2017-01-01 0:00:00", "updated_on": "2017-01-01 0:00:00", "datamode": "A"}}]