[{"model": "master_manager.dateformat", "pk": 1, "fields": {"name": "2020-12-31", "display_format": "%Y-%m-%d", "display_pattern": "YYYY-MM-DD", "created_on": "2017-01-01 0:00:00", "updated_on": "2017-01-01 0:00:00", "datamode": "A"}}, {"model": "master_manager.dateformat", "pk": 2, "fields": {"name": "12/31/2020", "display_format": "%m/%d/%Y", "display_pattern": "MM/DD/YYYY", "created_on": "2017-01-01 0:00:00", "updated_on": "2017-01-01 0:00:00", "datamode": "A"}}, {"model": "master_manager.dateformat", "pk": 3, "fields": {"name": "31/12/2020", "display_format": "%d/%m/%Y", "display_pattern": "DD/MM/YYYY", "created_on": "2017-01-01 0:00:00", "updated_on": "2017-01-01 0:00:00", "datamode": "A"}}, {"model": "master_manager.dateformat", "pk": 4, "fields": {"name": "12/31/ 20", "display_format": "%m/%d/%y", "display_pattern": "MM/DD/YY", "created_on": "2017-01-01 0:00:00", "updated_on": "2017-01-01 0:00:00", "datamode": "A"}}, {"model": "master_manager.dateformat", "pk": 5, "fields": {"name": "31/12/ 20", "display_format": "%d/%m/%y", "display_pattern": "DD/MM/YY", "created_on": "2017-01-01 0:00:00", "updated_on": "2017-01-01 0:00:00", "datamode": "A"}}, {"model": "master_manager.dateformat", "pk": 6, "fields": {"name": "Dec 31, 2020", "display_format": "%b %d, %Y", "display_pattern": "MM DD, YYYY", "created_on": "2017-01-01 0:00:00", "updated_on": "2017-01-01 0:00:00", "datamode": "A"}}]