[{"model": "master_manager.masterdataregistry", "pk": 1, "fields": {"app_name": "master_manager", "app_display_name": "Masters Manager", "model_name": "timeformat", "model_display_name": "Time Format", "displayable_fields": "", "form_fields": "", "sort_by_fields": "id", "is_mc_required": 1, "is_ui_required": 1, "created_on": "2017-01-01 0:00:00", "updated_on": "2017-01-01 0:00:00", "datamode": "A"}}, {"model": "master_manager.masterdataregistry", "pk": 2, "fields": {"app_name": "master_manager", "app_display_name": "Masters Manager", "model_name": "country", "model_display_name": "Country", "displayable_fields": "id,name,iso_4217_alpha,iso_4217_numeric,iso2,iso3,capital_city,telephone_calling_code,internet_domain_code,continent_name,created_on,updated_on,datamode", "form_fields": "name,iso_4217_alpha,iso_4217_numeric,iso2,iso3,capital_city,telephone_calling_code,internet_domain_code,continent,datamode", "sort_by_fields": "id", "is_mc_required": 1, "is_ui_required": 1, "created_on": "2017-01-01 0:00:00", "updated_on": "2017-01-01 0:00:00", "datamode": "A"}}, {"model": "master_manager.masterdataregistry", "pk": 3, "fields": {"app_name": "master_manager", "app_display_name": "Masters Manager", "model_name": "state", "model_display_name": "State", "displayable_fields": "id,name,country_name,created_on,updated_on,datamode", "form_fields": "name,country,datamode", "sort_by_fields": "id", "is_mc_required": 1, "is_ui_required": 1, "created_on": "2017-01-01 0:00:00", "updated_on": "2017-01-01 0:00:00", "datamode": "A"}}, {"model": "master_manager.masterdataregistry", "pk": 4, "fields": {"app_name": "master_manager", "app_display_name": "Masters Manager", "model_name": "cregion", "model_display_name": "Region", "displayable_fields": "id,name,country_name,created_on,updated_on,datamode", "form_fields": "name,state,country,datamode", "sort_by_fields": "id", "is_mc_required": 1, "is_ui_required": 1, "created_on": "2017-01-01 0:00:00", "updated_on": "2017-01-01 0:00:00", "datamode": "A"}}, {"model": "master_manager.masterdataregistry", "pk": 5, "fields": {"app_name": "master_manager", "app_display_name": "Masters Manager", "model_name": "nameformat", "model_display_name": "Name Format", "displayable_fields": "", "form_fields": "", "sort_by_fields": "id", "is_mc_required": 1, "is_ui_required": 1, "created_on": "2017-01-01 0:00:00", "updated_on": "2017-01-01 0:00:00", "datamode": "A"}}, {"model": "master_manager.masterdataregistry", "pk": 6, "fields": {"app_name": "master_manager", "app_display_name": "Masters Manager", "model_name": "masterdataregistry", "model_display_name": "Master Data Registry", "displayable_fields": "", "form_fields": "", "sort_by_fields": "id", "is_mc_required": 0, "is_ui_required": 0, "created_on": "2017-01-01 0:00:00", "updated_on": "2017-01-01 0:00:00", "datamode": "A"}}, {"model": "master_manager.masterdataregistry", "pk": 7, "fields": {"app_name": "master_manager", "app_display_name": "Masters Manager", "model_name": "dateformat", "model_display_name": "Date Format", "displayable_fields": "", "form_fields": "", "sort_by_fields": "id", "is_mc_required": 1, "is_ui_required": 1, "created_on": "2017-01-01 0:00:00", "updated_on": "2017-01-01 0:00:00", "datamode": "A"}}, {"model": "master_manager.masterdataregistry", "pk": 8, "fields": {"app_name": "master_manager", "app_display_name": "Masters Manager", "model_name": "currency", "model_display_name": "Currency", "displayable_fields": "", "form_fields": "", "sort_by_fields": "id", "is_mc_required": 1, "is_ui_required": 1, "created_on": "2017-01-01 0:00:00", "updated_on": "2017-01-01 0:00:00", "datamode": "A"}}, {"model": "master_manager.masterdataregistry", "pk": 9, "fields": {"app_name": "master_manager", "app_display_name": "Masters Manager", "model_name": "continent", "model_display_name": "Continent", "displayable_fields": "", "form_fields": "", "sort_by_fields": "id", "is_mc_required": 1, "is_ui_required": 1, "created_on": "2017-01-01 0:00:00", "updated_on": "2017-01-01 0:00:00", "datamode": "A"}}, {"model": "master_manager.masterdataregistry", "pk": 10, "fields": {"app_name": "master_manager", "app_display_name": "Masters Manager", "model_name": "postalcode", "model_display_name": "Postal Code", "displayable_fields": "id,name,country_name,created_on,updated_on,datamode", "form_fields": "name,country,datamode", "sort_by_fields": "id", "is_mc_required": 1, "is_ui_required": 1, "created_on": "2017-01-01 0:00:00", "updated_on": "2017-01-01 0:00:00", "datamode": "A"}}, {"model": "master_manager.masterdataregistry", "pk": 11, "fields": {"app_name": "master_manager", "app_display_name": "Masters Manager", "model_name": "city", "model_display_name": "City", "displayable_fields": "id,name,state_name,country_name,created_on,updated_on,datamode", "form_fields": "name,country,datamode", "sort_by_fields": "id", "is_mc_required": 1, "is_ui_required": 1, "created_on": "2017-01-01 0:00:00", "updated_on": "2017-01-01 0:00:00", "datamode": "A"}}, {"model": "master_manager.masterdataregistry", "pk": 12, "fields": {"app_name": "master_manager", "app_display_name": "Masters Manager", "model_name": "kvmaster", "model_display_name": "KVMaster", "displayable_fields": "", "form_fields": "", "sort_by_fields": "id", "is_mc_required": 1, "is_ui_required": 1, "created_on": "2017-01-01 0:00:00", "updated_on": "2017-01-01 0:00:00", "datamode": "A"}}]